elapsed time,receive time,header.stamp,topic,value
0,1740057518.193426762,1740057518.193336270,/imu/data.linear_acceleration.y,10.6346288
0.050843211000000006,1740057518.244269973,1740057518.244215766,/imu/data.linear_acceleration.y,10.48732482
0.10274285000000001,1740057518.296169612,1740057518.296118463,/imu/data.linear_acceleration.y,10.43882229
0.15164538400000002,1740057518.345072146,1740057518.345019487,/imu/data.linear_acceleration.y,10.44780424
0.20051462,1740057518.393941382,1740057518.393889687,/imu/data.linear_acceleration.y,10.390319759999999
0.25148616700000004,1740057518.444912929,1740057518.444865021,/imu/data.linear_acceleration.y,10.35079918
0.30441226200000004,1740057518.497839024,1740057518.497773495,/imu/data.linear_acceleration.y,10.34002084
0.354283893,1740057518.547710655,1740057518.547657937,/imu/data.linear_acceleration.y,10.37055947
0.402287316,1740057518.595714078,1740057518.595660442,/imu/data.linear_acceleration.y,10.419062
0.45213895800000004,1740057518.645565720,1740057518.645517753,/imu/data.linear_acceleration.y,10.37055947
0.5060123320000001,1740057518.699439094,1740057518.699393575,/imu/data.linear_acceleration.y,10.291518309999999
0.5559686650000001,1740057518.749395427,1740057518.749348557,/imu/data.linear_acceleration.y,10.40828366
0.6048579030000001,1740057518.798284665,1740057518.798209072,/imu/data.linear_acceleration.y,10.51786345
0.653815998,1740057518.847242760,1740057518.847196923,/imu/data.linear_acceleration.y,10.53582735
0.705762584,1740057518.899189346,1740057518.899114889,/imu/data.linear_acceleration.y,10.379541419999999
0.7555729670000001,1740057518.948999729,1740057518.948942182,/imu/data.linear_acceleration.y,10.54660569
0.8065090760000001,1740057518.999935838,1740057518.999864914,/imu/data.linear_acceleration.y,10.54660569
0.857448811,1740057519.050875573,1740057519.050814381,/imu/data.linear_acceleration.y,10.35978113
0.9063424840000001,1740057519.099769246,1740057519.099695461,/imu/data.linear_acceleration.y,10.49810316
1.278817915,1740057519.472244677,1740057519.150660847,/imu/data.linear_acceleration.y,10.35978113
1.280593467,1740057519.474020229,1740057519.202500269,/imu/data.linear_acceleration.y,10.42804395
1.28083181,1740057519.474258572,1740057519.251425786,/imu/data.linear_acceleration.y,10.34002084
1.280975135,1740057519.474401897,1740057519.302396124,/imu/data.linear_acceleration.y,10.44780424
1.281008709,1740057519.474435471,1740057519.351250196,/imu/data.linear_acceleration.y,10.42804395
1.28119354,1740057519.474620302,1740057519.402152528,/imu/data.linear_acceleration.y,10.566365979999999
1.281235152,1740057519.474661914,1740057519.453115743,/imu/data.linear_acceleration.y,10.379541419999999
1.311691256,1740057519.505118018,1740057519.505020577,/imu/data.linear_acceleration.y,10.379541419999999
1.359544217,1740057519.552970979,1740057519.552914885,/imu/data.linear_acceleration.y,10.419062
1.409479074,1740057519.602905836,1740057519.602838589,/imu/data.linear_acceleration.y,10.49810316
1.463320417,1740057519.656747179,1740057519.656691330,/imu/data.linear_acceleration.y,10.40828366
1.513283709,1740057519.706710471,1740057519.706663669,/imu/data.linear_acceleration.y,10.49810316
1.562284264,1740057519.755711026,1740057519.755661064,/imu/data.linear_acceleration.y,10.555587639999999
1.6111161470000002,1740057519.804542909,1740057519.804501726,/imu/data.linear_acceleration.y,10.50708511
1.664011527,1740057519.857438289,1740057519.857395990,/imu/data.linear_acceleration.y,10.555587639999999
1.712982162,1740057519.906408924,1740057519.906356299,/imu/data.linear_acceleration.y,10.50708511
1.7638960909999999,1740057519.957322853,1740057519.957276107,/imu/data.linear_acceleration.y,10.43882229
1.8148482590000001,1740057520.008275021,1740057520.008183924,/imu/data.linear_acceleration.y,10.43882229
1.863775027,1740057520.057201789,1740057520.057147209,/imu/data.linear_acceleration.y,10.5268454
1.914731095,1740057520.108157857,1740057520.108094230,/imu/data.linear_acceleration.y,10.51786345
1.96566098,1740057520.159087742,1740057520.159011888,/imu/data.linear_acceleration.y,10.44780424
2.017513662,1740057520.210940424,1740057520.210888788,/imu/data.linear_acceleration.y,10.390319759999999
2.06851345,1740057520.261940212,1740057520.261874965,/imu/data.linear_acceleration.y,10.566365979999999
2.115431309,1740057520.308858071,1740057520.308811421,/imu/data.linear_acceleration.y,10.48732482
2.16627957,1740057520.359706332,1740057520.359660447,/imu/data.linear_acceleration.y,10.467564529999999
2.217224865,1740057520.410651627,1740057520.410602097,/imu/data.linear_acceleration.y,10.42804395
2.270196342,1740057520.463623104,1740057520.463563571,/imu/data.linear_acceleration.y,10.45858258
2.319131708,1740057520.512558470,1740057520.512467693,/imu/data.linear_acceleration.y,10.40828366
2.3680640410000002,1740057520.561490803,1740057520.561424998,/imu/data.linear_acceleration.y,10.50708511
2.418907324,1740057520.612334086,1740057520.612270902,/imu/data.linear_acceleration.y,10.44780424
2.469834353,1740057520.663261115,1740057520.663209166,/imu/data.linear_acceleration.y,10.30050026
2.519733887,1740057520.713160649,1740057520.713090924,/imu/data.linear_acceleration.y,10.35978113
2.568694197,1740057520.762120959,1740057520.762061859,/imu/data.linear_acceleration.y,10.39930171
2.61959066,1740057520.813017422,1740057520.812960900,/imu/data.linear_acceleration.y,10.39930171
2.670530572,1740057520.863957334,1740057520.863900841,/imu/data.linear_acceleration.y,10.40828366
2.722445121,1740057520.915871883,1740057520.915822858,/imu/data.linear_acceleration.y,10.45858258
2.771311278,1740057520.964738040,1740057520.964686307,/imu/data.linear_acceleration.y,10.5268454
2.821272474,1740057521.014699236,1740057521.014642368,/imu/data.linear_acceleration.y,10.379541419999999
2.872137569,1740057521.065564331,1740057521.065523862,/imu/data.linear_acceleration.y,10.45858258
2.922076884,1740057521.115503646,1740057521.115462706,/imu/data.linear_acceleration.y,10.35079918
2.972003462,1740057521.165430224,1740057521.165390237,/imu/data.linear_acceleration.y,10.50708511
3.024935695,1740057521.218362457,1740057521.218314096,/imu/data.linear_acceleration.y,10.40828366
3.071805473,1740057521.265232235,1740057521.265188761,/imu/data.linear_acceleration.y,10.280739969999999
3.123756754,1740057521.317183516,1740057521.317125055,/imu/data.linear_acceleration.y,10.43882229
3.174696541,1740057521.368123303,1740057521.368072123,/imu/data.linear_acceleration.y,10.60588656
3.2265931070000002,1740057521.420019869,1740057521.419969268,/imu/data.linear_acceleration.y,10.44780424
3.275575188,1740057521.469001950,1740057521.468906511,/imu/data.linear_acceleration.y,10.43882229
3.324432729,1740057521.517859491,1740057521.517807539,/imu/data.linear_acceleration.y,10.50708511
3.378322226,1740057521.571748988,1740057521.571686174,/imu/data.linear_acceleration.y,10.45858258
3.427265775,1740057521.620692537,1740057521.620641306,/imu/data.linear_acceleration.y,10.35079918
3.476265134,1740057521.669691896,1740057521.669643098,/imu/data.linear_acceleration.y,10.654389089999999
3.5261196530000003,1740057521.719546415,1740057521.719506667,/imu/data.linear_acceleration.y,10.39930171
3.5770392280000003,1740057521.770465990,1740057521.770414797,/imu/data.linear_acceleration.y,10.478342869999999
3.627919596,1740057521.821346358,1740057521.821309836,/imu/data.linear_acceleration.y,10.51786345
3.678823806,1740057521.872250568,1740057521.872208939,/imu/data.linear_acceleration.y,10.555587639999999
3.728740794,1740057521.922167556,1740057521.922127945,/imu/data.linear_acceleration.y,10.57534793
3.778689911,1740057521.972116673,1740057521.972073869,/imu/data.linear_acceleration.y,10.07595151
3.82960193,1740057522.023028692,1740057522.022989851,/imu/data.linear_acceleration.y,10.3112786
3.87949076,1740057522.072917522,1740057522.072867614,/imu/data.linear_acceleration.y,10.30050026
3.929483649,1740057522.122910411,1740057522.122834129,/imu/data.linear_acceleration.y,10.73343025
3.981345205,1740057522.174771967,1740057522.174717144,/imu/data.linear_acceleration.y,11.11606132
4.031287545,1740057522.224714307,1740057522.224639686,/imu/data.linear_acceleration.y,10.43882229
4.080181954,1740057522.273608716,1740057522.273568885,/imu/data.linear_acceleration.y,9.810085789999999
4.132162428,1740057522.325589190,1740057522.325530507,/imu/data.linear_acceleration.y,10.0957118
4.185102709,1740057522.378529471,1740057522.378472594,/imu/data.linear_acceleration.y,11.635218029999999
4.232983703,1740057522.426410465,1740057522.426317989,/imu/data.linear_acceleration.y,9.9879284
4.28189648,1740057522.475323242,1740057522.475272534,/imu/data.linear_acceleration.y,10.390319759999999
4.33385736,1740057522.527284122,1740057522.527196206,/imu/data.linear_acceleration.y,10.44780424
4.384710345,1740057522.578137107,1740057522.578082274,/imu/data.linear_acceleration.y,9.75260131
4.433680181,1740057522.627106943,1740057522.627049568,/imu/data.linear_acceleration.y,10.33103889
4.4855621,1740057522.678988862,1740057522.678936115,/imu/data.linear_acceleration.y,10.59510822
4.534462133,1740057522.727888895,1740057522.727837826,/imu/data.linear_acceleration.y,10.32026055
4.585422988,1740057522.778849750,1740057522.778793034,/imu/data.linear_acceleration.y,10.32026055
4.636363431,1740057522.829790193,1740057522.829666751,/imu/data.linear_acceleration.y,10.68313133
4.6863999110000005,1740057522.879826673,1740057522.879714580,/imu/data.linear_acceleration.y,9.86038471
4.7362216010000004,1740057522.929648363,1740057522.929522448,/imu/data.linear_acceleration.y,12.44000075
4.787093454,1740057522.980520216,1740057522.980462950,/imu/data.linear_acceleration.y,11.223844719999999
4.837015489,1740057523.030442251,1740057523.030389389,/imu/data.linear_acceleration.y,8.35860267
4.888929308,1740057523.082356070,1740057523.082311431,/imu/data.linear_acceleration.y,11.2633653
4.938860808,1740057523.132287570,1740057523.132242715,/imu/data.linear_acceleration.y,10.192716859999999
4.987825048,1740057523.181251810,1740057523.181194713,/imu/data.linear_acceleration.y,10.39930171
5.03775758,1740057523.231184342,1740057523.231115169,/imu/data.linear_acceleration.y,8.80051461
5.089664445,1740057523.283091207,1740057523.283053065,/imu/data.linear_acceleration.y,11.076540739999999
5.142522526,1740057523.335949288,1740057523.335878150,/imu/data.linear_acceleration.y,9.75260131
5.18955811,1740057523.382984872,1740057523.382911097,/imu/data.linear_acceleration.y,9.546016459999999
5.239423212,1740057523.432849974,1740057523.432775154,/imu/data.linear_acceleration.y,10.73343025
5.291422916,1740057523.484849678,1740057523.484730125,/imu/data.linear_acceleration.y,11.213066379999999
5.342285623,1740057523.535712385,1740057523.535656972,/imu/data.linear_acceleration.y,9.71308073
5.391256983,1740057523.584683745,1740057523.584574466,/imu/data.linear_acceleration.y,11.59569745
5.443062754,1740057523.636489516,1740057523.636448462,/imu/data.linear_acceleration.y,9.66278181
5.492016559,1740057523.685443321,1740057523.685377891,/imu/data.linear_acceleration.y,10.25199773
5.542888026,1740057523.736314788,1740057523.736266085,/imu/data.linear_acceleration.y,10.40828366
5.59381035,1740057523.787237112,1740057523.787180584,/imu/data.linear_acceleration.y,10.555587639999999
5.643729616,1740057523.837156378,1740057523.837102775,/imu/data.linear_acceleration.y,10.81067502
5.693664492,1740057523.887091254,1740057523.887052195,/imu/data.linear_acceleration.y,10.88073423
5.744554321,1740057523.937981083,1740057523.937938121,/imu/data.linear_acceleration.y,9.84960637
5.794531219,1740057523.987957981,1740057523.987872463,/imu/data.linear_acceleration.y,10.35079918
5.846404963,1740057524.039831725,1740057524.039778342,/imu/data.linear_acceleration.y,11.2633653
5.896329345,1740057524.089756107,1740057524.089692238,/imu/data.linear_acceleration.y,9.97715006
5.945329299,1740057524.138756061,1740057524.138663061,/imu/data.linear_acceleration.y,10.144214329999999
5.995322389,1740057524.188749151,1740057524.188604939,/imu/data.linear_acceleration.y,10.93821871
6.047119688,1740057524.240546450,1740057524.240462403,/imu/data.linear_acceleration.y,10.566365979999999
6.098051486,1740057524.291478248,1740057524.291427096,/imu/data.linear_acceleration.y,9.9879284
6.146970352,1740057524.340397114,1740057524.340308353,/imu/data.linear_acceleration.y,10.75319054
6.196889512,1740057524.390316274,1740057524.390253136,/imu/data.linear_acceleration.y,10.702891619999999
6.248801544,1740057524.442228306,1740057524.442183882,/imu/data.linear_acceleration.y,10.614868509999999
6.299766655,1740057524.493193417,1740057524.493138082,/imu/data.linear_acceleration.y,10.01667064
6.349704262,1740057524.543131024,1740057524.543012141,/imu/data.linear_acceleration.y,9.968168109999999
6.400520176,1740057524.593946938,1740057524.593899527,/imu/data.linear_acceleration.y,10.88073423
6.449484508,1740057524.642911270,1740057524.642833973,/imu/data.linear_acceleration.y,9.781343549999999
6.500366236,1740057524.693792998,1740057524.693726167,/imu/data.linear_acceleration.y,10.77295083
6.550301391,1740057524.743728153,1740057524.743692234,/imu/data.linear_acceleration.y,10.6346288
6.600309954,1740057524.793736716,1740057524.793669699,/imu/data.linear_acceleration.y,11.50767434
6.651146303,1740057524.844573065,1740057524.844489107,/imu/data.linear_acceleration.y,10.86097394
6.702090462,1740057524.895517224,1740057524.895440984,/imu/data.linear_acceleration.y,10.57534793
6.751965259,1740057524.945392021,1740057524.945311773,/imu/data.linear_acceleration.y,11.311867829999999
6.803911652,1740057524.997338414,1740057524.997276952,/imu/data.linear_acceleration.y,9.51547783
6.853783474,1740057525.047210236,1740057525.047144929,/imu/data.linear_acceleration.y,10.26277607
6.902671183,1740057525.096097945,1740057525.096048653,/imu/data.linear_acceleration.y,9.38793414
6.952668367,1740057525.146095129,1740057525.146025081,/imu/data.linear_acceleration.y,11.23282667
7.005495311,1740057525.198922073,1740057525.198872521,/imu/data.linear_acceleration.y,10.64540714
7.055461005,1740057525.248887767,1740057525.248820156,/imu/data.linear_acceleration.y,9.535238119999999
7.104344308,1740057525.297771070,1740057525.297704173,/imu/data.linear_acceleration.y,10.045412879999999
7.154280442,1740057525.347707204,1740057525.347659064,/imu/data.linear_acceleration.y,11.065762399999999
7.20620076,1740057525.399627522,1740057525.399564273,/imu/data.linear_acceleration.y,10.68313133
7.257079514,1740057525.450506276,1740057525.450457729,/imu/data.linear_acceleration.y,10.144214329999999
7.3070788,1740057525.500505562,1740057525.500429502,/imu/data.linear_acceleration.y,11.037020159999999
7.354941067,1740057525.548367829,1740057525.548305975,/imu/data.linear_acceleration.y,9.810085789999999
7.406889786,1740057525.600316548,1740057525.600251225,/imu/data.linear_acceleration.y,9.74182297
7.457739184,1740057525.651165946,1740057525.651113529,/imu/data.linear_acceleration.y,10.702891619999999
7.507652502,1740057525.701079264,1740057525.701022091,/imu/data.linear_acceleration.y,12.37173793
7.557622054,1740057525.751048816,1740057525.750981761,/imu/data.linear_acceleration.y,10.27175802
7.608515896,1740057525.801942658,1740057525.801898631,/imu/data.linear_acceleration.y,10.34002084
7.65941485,1740057525.852841612,1740057525.852798510,/imu/data.linear_acceleration.y,10.801693069999999
7.709378156,1740057525.902804918,1740057525.902752222,/imu/data.linear_acceleration.y,12.6465856
7.761284575,1740057525.954711337,1740057525.954665224,/imu/data.linear_acceleration.y,9.15260705
7.813143569,1740057526.006570331,1740057526.006522821,/imu/data.linear_acceleration.y,10.25199773
7.860072717,1740057526.053499479,1740057526.053458115,/imu/data.linear_acceleration.y,10.13523238
7.91003982,1740057526.103466582,1740057526.103403622,/imu/data.linear_acceleration.y,10.64540714
7.962940063,1740057526.156366825,1740057526.156320159,/imu/data.linear_acceleration.y,10.419062
8.012849939,1740057526.206276701,1740057526.206218798,/imu/data.linear_acceleration.y,10.25199773
8.061729593,1740057526.255156355,1740057526.255105724,/imu/data.linear_acceleration.y,9.957389769999999
8.111632302,1740057526.305059064,1740057526.305013094,/imu/data.linear_acceleration.y,12.008867149999999
8.163571726,1740057526.356998488,1740057526.356948680,/imu/data.linear_acceleration.y,9.67356015
8.214486771,1740057526.407913533,1740057526.407859520,/imu/data.linear_acceleration.y,10.30050026
8.264444213,1740057526.457870975,1740057526.457797113,/imu/data.linear_acceleration.y,10.60588656
8.312361932,1740057526.505788694,1740057526.505730962,/imu/data.linear_acceleration.y,9.73284102
8.364265226,1740057526.557691988,1740057526.557650099,/imu/data.linear_acceleration.y,10.81067502
8.415188499,1740057526.608615261,1740057526.608516514,/imu/data.linear_acceleration.y,11.125043269999999
8.465088204,1740057526.658514966,1740057526.658455911,/imu/data.linear_acceleration.y,10.01667064
8.515014134,1740057526.708440896,1740057526.708376203,/imu/data.linear_acceleration.y,10.00768869
8.565906605,1740057526.759333367,1740057526.759298384,/imu/data.linear_acceleration.y,10.0957118
8.616812738,1740057526.810239500,1740057526.810186393,/imu/data.linear_acceleration.y,11.35138841
8.667724383,1740057526.861151145,1740057526.861103346,/imu/data.linear_acceleration.y,9.73284102
8.718772219,1740057526.912198981,1740057526.912061117,/imu/data.linear_acceleration.y,9.84960637
8.769628998,1740057526.963055760,1740057526.963000286,/imu/data.linear_acceleration.y,10.566365979999999
8.817532458,1740057527.010959220,1740057527.010904084,/imu/data.linear_acceleration.y,10.790914729999999
8.867436805,1740057527.060863567,1740057527.060809674,/imu/data.linear_acceleration.y,9.77056521
8.919322008,1740057527.112748770,1740057527.112694442,/imu/data.linear_acceleration.y,10.625646849999999
8.969262903,1740057527.162689665,1740057527.162637953,/imu/data.linear_acceleration.y,11.14480356
9.019310123,1740057527.212736885,1740057527.212677264,/imu/data.linear_acceleration.y,9.82984608
9.069125981,1740057527.262552743,1740057527.262506772,/imu/data.linear_acceleration.y,10.64540714
9.121008142,1740057527.314434904,1740057527.314378087,/imu/data.linear_acceleration.y,10.76217249
9.170947329,1740057527.364374091,1740057527.364304924,/imu/data.linear_acceleration.y,10.045412879999999
9.219815999,1740057527.413242761,1740057527.413199148,/imu/data.linear_acceleration.y,10.37055947
9.269796745,1740057527.463223507,1740057527.463148731,/imu/data.linear_acceleration.y,10.0957118
9.321753621,1740057527.515180383,1740057527.515104145,/imu/data.linear_acceleration.y,10.88073423
9.372670862,1740057527.566097624,1740057527.566019234,/imu/data.linear_acceleration.y,10.06517317
9.422534593,1740057527.615961355,1740057527.615897805,/imu/data.linear_acceleration.y,10.291518309999999
9.472468164,1740057527.665894926,1740057527.665807959,/imu/data.linear_acceleration.y,11.35138841
9.523328231,1740057527.716754993,1740057527.716692370,/imu/data.linear_acceleration.y,9.6825421
9.574307859,1740057527.767734621,1740057527.767677263,/imu/data.linear_acceleration.y,9.76158326
9.624245741,1740057527.817672503,1740057527.817616353,/imu/data.linear_acceleration.y,10.53582735
9.676082915,1740057527.869509677,1740057527.869454939,/imu/data.linear_acceleration.y,10.390319759999999
9.727042292,1740057527.920469054,1740057527.920403711,/imu/data.linear_acceleration.y,10.81067502
9.773967207,1740057527.967393969,1740057527.967342621,/imu/data.linear_acceleration.y,10.5268454
9.824876469,1740057528.018303231,1740057528.018238910,/imu/data.linear_acceleration.y,10.26277607
9.876713645,1740057528.070140407,1740057528.070103265,/imu/data.linear_acceleration.y,10.82145336
9.926663163,1740057528.120089925,1740057528.120020532,/imu/data.linear_acceleration.y,10.94899705
9.976600287,1740057528.170027049,1740057528.169972278,/imu/data.linear_acceleration.y,10.889716179999999
10.026490047,1740057528.219916809,1740057528.219839537,/imu/data.linear_acceleration.y,10.66337104
10.078419531,1740057528.271846293,1740057528.271800476,/imu/data.linear_acceleration.y,10.555587639999999
10.1283267,1740057528.321753462,1740057528.321679242,/imu/data.linear_acceleration.y,10.82145336
10.177304857,1740057528.370731619,1740057528.370671549,/imu/data.linear_acceleration.y,10.03643093
10.2271649,1740057528.420591662,1740057528.420528546,/imu/data.linear_acceleration.y,10.77295083
10.279080735,1740057528.472507497,1740057528.472458822,/imu/data.linear_acceleration.y,9.47775364
10.32998621,1740057528.523412972,1740057528.523330724,/imu/data.linear_acceleration.y,9.51547783
10.379902136,1740057528.573328898,1740057528.573270880,/imu/data.linear_acceleration.y,11.55617687
10.429873271,1740057528.623300033,1740057528.623241644,/imu/data.linear_acceleration.y,10.57534793
10.480813471,1740057528.674240233,1740057528.674159921,/imu/data.linear_acceleration.y,10.48732482
10.531800523,1740057528.725227285,1740057528.725118062,/imu/data.linear_acceleration.y,9.71308073
10.580625640000001,1740057528.774052402,1740057528.773983100,/imu/data.linear_acceleration.y,10.06517317
10.631529989,1740057528.824956751,1740057528.824898422,/imu/data.linear_acceleration.y,10.37055947
10.684505234,1740057528.877931996,1740057528.877848321,/imu/data.linear_acceleration.y,10.614868509999999
10.731359593,1740057528.924786355,1740057528.924719539,/imu/data.linear_acceleration.y,10.34002084
10.781314143,1740057528.974740905,1740057528.974659077,/imu/data.linear_acceleration.y,11.04600211
10.835194663,1740057529.028621425,1740057529.028569738,/imu/data.linear_acceleration.y,10.16397462
10.884201011,1740057529.077627773,1740057529.077522062,/imu/data.linear_acceleration.y,11.35138841
10.934032093,1740057529.127458855,1740057529.127400204,/imu/data.linear_acceleration.y,10.25199773
10.982967449,1740057529.176394211,1740057529.176333243,/imu/data.linear_acceleration.y,11.09630103
11.035932565,1740057529.229359327,1740057529.229298236,/imu/data.linear_acceleration.y,9.70230239
11.085831531,1740057529.279258293,1740057529.279203383,/imu/data.linear_acceleration.y,10.280739969999999
11.135687281,1740057529.329114043,1740057529.329050592,/imu/data.linear_acceleration.y,10.21247715
11.183654225,1740057529.377080987,1740057529.377018061,/imu/data.linear_acceleration.y,9.880144999999999
11.236558455,1740057529.429985217,1740057529.429912621,/imu/data.linear_acceleration.y,11.50767434
11.287436573,1740057529.480863335,1740057529.480819969,/imu/data.linear_acceleration.y,10.390319759999999
11.337399004,1740057529.530825766,1740057529.530733124,/imu/data.linear_acceleration.y,10.49810316
11.387324143,1740057529.580750905,1740057529.580667342,/imu/data.linear_acceleration.y,9.74182297
11.439210809,1740057529.632637571,1740057529.632571136,/imu/data.linear_acceleration.y,10.45858258
11.488154482,1740057529.681581244,1740057529.681528137,/imu/data.linear_acceleration.y,9.880144999999999
11.538039066,1740057529.731465828,1740057529.731400917,/imu/data.linear_acceleration.y,10.790914729999999
11.587951988,1740057529.781378750,1740057529.781319878,/imu/data.linear_acceleration.y,10.73343025
11.639887368,1740057529.833314130,1740057529.833251148,/imu/data.linear_acceleration.y,10.69390967
11.688750677,1740057529.882177439,1740057529.882126469,/imu/data.linear_acceleration.y,10.66337104
11.738701487,1740057529.932128249,1740057529.932065044,/imu/data.linear_acceleration.y,10.379541419999999
11.791588235,1740057529.985014997,1740057529.984969707,/imu/data.linear_acceleration.y,9.67356015
11.841528692,1740057530.034955454,1740057530.034900010,/imu/data.linear_acceleration.y,9.28015074
11.891466103,1740057530.084892865,1740057530.084843731,/imu/data.linear_acceleration.y,10.39930171
11.940392474,1740057530.133819236,1740057530.133771358,/imu/data.linear_acceleration.y,10.49810316
11.993308527,1740057530.186735289,1740057530.186642196,/imu/data.linear_acceleration.y,10.64540714
12.043293637,1740057530.236720399,1740057530.236640022,/imu/data.linear_acceleration.y,9.51547783
12.094125422,1740057530.287552184,1740057530.287500880,/imu/data.linear_acceleration.y,10.42804395
12.141007328,1740057530.334434090,1740057530.334380647,/imu/data.linear_acceleration.y,10.68313133
12.193982521,1740057530.387409283,1740057530.387342180,/imu/data.linear_acceleration.y,8.86877743
12.24583164,1740057530.439258402,1740057530.439198678,/imu/data.linear_acceleration.y,9.634039569999999
12.294766602,1740057530.488193364,1740057530.488148466,/imu/data.linear_acceleration.y,9.23164821
12.344684989,1740057530.538111751,1740057530.538033530,/imu/data.linear_acceleration.y,10.69390967
12.396572065,1740057530.589998827,1740057530.589939874,/imu/data.linear_acceleration.y,10.39930171
12.446503557,1740057530.639930319,1740057530.639873999,/imu/data.linear_acceleration.y,10.84121365
12.496438675,1740057530.689865437,1740057530.689819805,/imu/data.linear_acceleration.y,9.67356015
12.546355164,1740057530.739781926,1740057530.739742475,/imu/data.linear_acceleration.y,10.77295083
12.597303436,1740057530.790730198,1740057530.790662354,/imu/data.linear_acceleration.y,9.94840782
12.646125519,1740057530.839552281,1740057530.839514647,/imu/data.linear_acceleration.y,10.702891619999999
12.696213799,1740057530.889640561,1740057530.889533791,/imu/data.linear_acceleration.y,10.76217249
12.749061704,1740057530.942488466,1740057530.942434476,/imu/data.linear_acceleration.y,10.0957118
12.797990706,1740057530.991417468,1740057530.991365968,/imu/data.linear_acceleration.y,10.801693069999999
12.848901988,1740057531.042328750,1740057531.042277103,/imu/data.linear_acceleration.y,11.135821609999999
12.896851493,1740057531.090278255,1740057531.090186567,/imu/data.linear_acceleration.y,10.555587639999999
12.950706198,1740057531.144132960,1740057531.144070111,/imu/data.linear_acceleration.y,10.43882229
13.000637071,1740057531.194063833,1740057531.194012757,/imu/data.linear_acceleration.y,10.43882229
13.050627508,1740057531.244054270,1740057531.243928887,/imu/data.linear_acceleration.y,9.58553704
13.09857289,1740057531.291999652,1740057531.291880996,/imu/data.linear_acceleration.y,11.223844719999999
13.151343779,1740057531.344770541,1740057531.344731028,/imu/data.linear_acceleration.y,9.9879284
13.20325148,1740057531.396678242,1740057531.396638075,/imu/data.linear_acceleration.y,10.27175802
13.251186583,1740057531.444613345,1740057531.444562870,/imu/data.linear_acceleration.y,10.232237439999999
13.30117414,1740057531.494600902,1740057531.494550319,/imu/data.linear_acceleration.y,10.45858258
13.353144546,1740057531.546571308,1740057531.546454631,/imu/data.linear_acceleration.y,10.18373491
13.404009459,1740057531.597436221,1740057531.597373152,/imu/data.linear_acceleration.y,10.07595151
13.453968396,1740057531.647395158,1740057531.647331248,/imu/data.linear_acceleration.y,10.3112786
13.502805191,1740057531.696231953,1740057531.696180926,/imu/data.linear_acceleration.y,10.115472089999999
13.553685888,1740057531.747112650,1740057531.747060401,/imu/data.linear_acceleration.y,10.54660569
13.603706046,1740057531.797132808,1740057531.797036081,/imu/data.linear_acceleration.y,10.6346288
13.65353099,1740057531.846957752,1740057531.846877401,/imu/data.linear_acceleration.y,11.05678045
13.706427042,1740057531.899853804,1740057531.899805134,/imu/data.linear_acceleration.y,9.781343549999999
13.755392267,1740057531.948819029,1740057531.948764086,/imu/data.linear_acceleration.y,10.69390967
13.806324519,1740057531.999751281,1740057531.999666837,/imu/data.linear_acceleration.y,11.10528298
13.855175731,1740057532.048602493,1740057532.048550354,/imu/data.linear_acceleration.y,10.713669959999999
13.907124944,1740057532.100551706,1740057532.100502437,/imu/data.linear_acceleration.y,10.34002084
13.958015852,1740057532.151442614,1740057532.151399687,/imu/data.linear_acceleration.y,10.08493346
14.006029008,1740057532.199455770,1740057532.199383686,/imu/data.linear_acceleration.y,9.71308073
14.057927241,1740057532.251354003,1740057532.251253916,/imu/data.linear_acceleration.y,9.73284102
14.108789305,1740057532.302216067,1740057532.302169197,/imu/data.linear_acceleration.y,10.12445404
14.15965676,1740057532.353083522,1740057532.353046081,/imu/data.linear_acceleration.y,11.53821297
14.208644745,1740057532.402071507,1740057532.402013272,/imu/data.linear_acceleration.y,10.00768869
14.258542877,1740057532.451969639,1740057532.451920708,/imu/data.linear_acceleration.y,9.810085789999999
14.310406989,1740057532.503833751,1740057532.503788998,/imu/data.linear_acceleration.y,10.39930171
14.36136971,1740057532.554796472,1740057532.554747713,/imu/data.linear_acceleration.y,10.16397462
14.411284365,1740057532.604711127,1740057532.604650740,/imu/data.linear_acceleration.y,9.84960637
14.460266851,1740057532.653693613,1740057532.653638020,/imu/data.linear_acceleration.y,11.793300349999999
14.511062217,1740057532.704488979,1740057532.704448323,/imu/data.linear_acceleration.y,11.910065699999999
14.560971931000001,1740057532.754398693,1740057532.754353350,/imu/data.linear_acceleration.y,9.82086413
14.61092631,1740057532.804353072,1740057532.804306985,/imu/data.linear_acceleration.y,10.10469375
14.663821705,1740057532.857248467,1740057532.857199647,/imu/data.linear_acceleration.y,10.86995589
14.713794924,1740057532.907221686,1740057532.907165835,/imu/data.linear_acceleration.y,10.988517629999999
14.76369029,1740057532.957117052,1740057532.957064636,/imu/data.linear_acceleration.y,9.33044966
14.811610262,1740057533.005037024,1740057533.004980687,/imu/data.linear_acceleration.y,11.27234725
14.863568260000001,1740057533.056995022,1740057533.056949368,/imu/data.linear_acceleration.y,10.83043531
14.915423395,1740057533.108850157,1740057533.108793652,/imu/data.linear_acceleration.y,10.25199773
14.963309011,1740057533.156735773,1740057533.156680402,/imu/data.linear_acceleration.y,11.23282667
15.015329172,1740057533.208755934,1740057533.208702753,/imu/data.linear_acceleration.y,11.08552269
15.066209997,1740057533.259636759,1740057533.259586610,/imu/data.linear_acceleration.y,10.94899705
15.117102581,1740057533.310529343,1740057533.310482114,/imu/data.linear_acceleration.y,9.42745472
15.165973391,1740057533.359400153,1740057533.359353048,/imu/data.linear_acceleration.y,10.10469375
15.215912627,1740057533.409339389,1740057533.409285543,/imu/data.linear_acceleration.y,10.26277607
15.267844977,1740057533.461271739,1740057533.461223467,/imu/data.linear_acceleration.y,9.722062679999999
15.317795673,1740057533.511222435,1740057533.511172492,/imu/data.linear_acceleration.y,10.5268454
15.368621043,1740057533.562047805,1740057533.561990565,/imu/data.linear_acceleration.y,10.988517629999999
15.417533979,1740057533.610960741,1740057533.610913433,/imu/data.linear_acceleration.y,10.86097394
15.46849742,1740057533.661924182,1740057533.661864907,/imu/data.linear_acceleration.y,10.72265191
15.517406257,1740057533.710833019,1740057533.710786588,/imu/data.linear_acceleration.y,10.60588656
15.568349463,1740057533.761776225,1740057533.761717882,/imu/data.linear_acceleration.y,10.45858258
15.621292899,1740057533.814719661,1740057533.814661363,/imu/data.linear_acceleration.y,10.69390967
15.670207681,1740057533.863634443,1740057533.863577965,/imu/data.linear_acceleration.y,10.467564529999999
15.721119062,1740057533.914545824,1740057533.914502038,/imu/data.linear_acceleration.y,10.8501956
15.769044808,1740057533.962471570,1740057533.962400398,/imu/data.linear_acceleration.y,10.555587639999999
15.821023453,1740057534.014450215,1740057534.014364597,/imu/data.linear_acceleration.y,9.92864753
15.871899918,1740057534.065326680,1740057534.065266084,/imu/data.linear_acceleration.y,10.15319628
15.921859643,1740057534.115286405,1740057534.115210058,/imu/data.linear_acceleration.y,11.10528298
15.972790745,1740057534.166217507,1740057534.166172372,/imu/data.linear_acceleration.y,10.115472089999999
16.022627141,1740057534.216053903,1740057534.215988487,/imu/data.linear_acceleration.y,10.280739969999999
16.074514874,1740057534.267941636,1740057534.267896779,/imu/data.linear_acceleration.y,10.654389089999999
16.123465866,1740057534.316892628,1740057534.316836785,/imu/data.linear_acceleration.y,10.94899705
16.173339176,1740057534.366765938,1740057534.366710789,/imu/data.linear_acceleration.y,10.16397462
16.226298722,1740057534.419725484,1740057534.419655716,/imu/data.linear_acceleration.y,10.6346288
16.276224968,1740057534.469651730,1740057534.469539979,/imu/data.linear_acceleration.y,10.26277607
16.325189346,1740057534.518616108,1740057534.518560376,/imu/data.linear_acceleration.y,10.900494519999999
16.378121124,1740057534.571547886,1740057534.571426305,/imu/data.linear_acceleration.y,10.40828366
16.425944821,1740057534.619371583,1740057534.619309471,/imu/data.linear_acceleration.y,9.71308073
16.474905177,1740057534.668331939,1740057534.668268301,/imu/data.linear_acceleration.y,9.49751393
16.525758602,1740057534.719185364,1740057534.719143079,/imu/data.linear_acceleration.y,11.66575666
16.578670521,1740057534.772097283,1740057534.772050681,/imu/data.linear_acceleration.y,10.27175802
16.627565004,1740057534.820991766,1740057534.820951510,/imu/data.linear_acceleration.y,10.66337104
16.678540661,1740057534.871967423,1740057534.871910974,/imu/data.linear_acceleration.y,10.654389089999999
16.726484612,1740057534.919911374,1740057534.919847645,/imu/data.linear_acceleration.y,9.66278181
16.778436397,1740057534.971863159,1740057534.971756603,/imu/data.linear_acceleration.y,10.57534793
16.831318627,1740057535.024745389,1740057535.024691410,/imu/data.linear_acceleration.y,11.01725987
16.879355099,1740057535.072781861,1740057535.072649860,/imu/data.linear_acceleration.y,10.45858258
16.930220171,1740057535.123646933,1740057535.123572905,/imu/data.linear_acceleration.y,10.45858258
16.980132143,1740057535.173558905,1740057535.173501711,/imu/data.linear_acceleration.y,9.66278181
17.03102509,1740057535.224451852,1740057535.224397165,/imu/data.linear_acceleration.y,9.75260131
17.080989463,1740057535.274416225,1740057535.274363278,/imu/data.linear_acceleration.y,10.92923676
17.130913455,1740057535.324340217,1740057535.324273943,/imu/data.linear_acceleration.y,10.59510822
17.182856399,1740057535.376283161,1740057535.376189697,/imu/data.linear_acceleration.y,10.25199773
17.23274971,1740057535.426176472,1740057535.426087439,/imu/data.linear_acceleration.y,11.586715499999999
17.28269168,1740057535.476118442,1740057535.476012593,/imu/data.linear_acceleration.y,9.11488286
17.333503106,1740057535.526929868,1740057535.526878699,/imu/data.linear_acceleration.y,10.83043531
17.384453855,1740057535.577880617,1740057535.577834911,/imu/data.linear_acceleration.y,10.889716179999999
17.43242187,1740057535.625848632,1740057535.625792000,/imu/data.linear_acceleration.y,10.34002084
17.482409299,1740057535.675836061,1740057535.675780393,/imu/data.linear_acceleration.y,10.03643093
17.535301057,1740057535.728727819,1740057535.728669549,/imu/data.linear_acceleration.y,11.42863318
17.58513218,1740057535.778558942,1740057535.778491509,/imu/data.linear_acceleration.y,9.77056521
17.634112366,1740057535.827539128,1740057535.827472094,/imu/data.linear_acceleration.y,10.07595151
17.683986257,1740057535.877413019,1740057535.877362885,/imu/data.linear_acceleration.y,10.02565259
17.735943026,1740057535.929369788,1740057535.929296990,/imu/data.linear_acceleration.y,11.50767434
17.786877216,1740057535.980303978,1740057535.980239346,/imu/data.linear_acceleration.y,9.91786919
17.83674452,1740057536.030171282,1740057536.030110624,/imu/data.linear_acceleration.y,9.26039045
17.887722645,1740057536.081149407,1740057536.081019658,/imu/data.linear_acceleration.y,10.44780424
17.937622181000002,1740057536.131048943,1740057536.130967094,/imu/data.linear_acceleration.y,11.68372056
17.988574905,1740057536.182001667,1740057536.181905288,/imu/data.linear_acceleration.y,10.478342869999999
18.038445503,1740057536.231872265,1740057536.231807756,/imu/data.linear_acceleration.y,10.06517317
18.088335112,1740057536.281761874,1740057536.281703636,/imu/data.linear_acceleration.y,10.17295657
18.140337122,1740057536.333763884,1740057536.333646391,/imu/data.linear_acceleration.y,11.28312559
18.190201898,1740057536.383628660,1740057536.383575192,/imu/data.linear_acceleration.y,10.54660569
18.240048694,1740057536.433475456,1740057536.433425601,/imu/data.linear_acceleration.y,10.06517317
18.293003671,1740057536.486430433,1740057536.486362385,/imu/data.linear_acceleration.y,9.781343549999999
18.340892133,1740057536.534318895,1740057536.534277492,/imu/data.linear_acceleration.y,10.7424122
18.389799821,1740057536.583226583,1740057536.583183416,/imu/data.linear_acceleration.y,9.47775364
18.439800032,1740057536.633226794,1740057536.633162788,/imu/data.linear_acceleration.y,10.49810316
18.492764783,1740057536.686191545,1740057536.686094038,/imu/data.linear_acceleration.y,10.60588656
18.542536516,1740057536.735963278,1740057536.735916008,/imu/data.linear_acceleration.y,10.92923676
18.592489747,1740057536.785916509,1740057536.785841839,/imu/data.linear_acceleration.y,10.50708511
18.641380214,1740057536.834806976,1740057536.834751317,/imu/data.linear_acceleration.y,10.73343025
18.693406296,1740057536.886833058,1740057536.886747973,/imu/data.linear_acceleration.y,9.968168109999999
18.744265006,1740057536.937691768,1740057536.937639565,/imu/data.linear_acceleration.y,10.49810316
18.794239703,1740057536.987666465,1740057536.987559534,/imu/data.linear_acceleration.y,10.57534793
18.842067807,1740057537.035494569,1740057537.035453927,/imu/data.linear_acceleration.y,10.07595151
18.894944721,1740057537.088371483,1740057537.088324154,/imu/data.linear_acceleration.y,10.48732482
18.945895112,1740057537.139321874,1740057537.139232370,/imu/data.linear_acceleration.y,11.60647579
18.995819067,1740057537.189245829,1740057537.189181729,/imu/data.linear_acceleration.y,11.90108375
19.045754671,1740057537.239181433,1740057537.239113944,/imu/data.linear_acceleration.y,10.390319759999999
19.098625161,1740057537.292051923,1740057537.291990494,/imu/data.linear_acceleration.y,11.70348085
19.147586089,1740057537.341012851,1740057537.340912597,/imu/data.linear_acceleration.y,11.00827792
19.197481375,1740057537.390908137,1740057537.390843943,/imu/data.linear_acceleration.y,9.869366659999999
19.250429081,1740057537.443855843,1740057537.443763955,/imu/data.linear_acceleration.y,9.8981089
19.298367738,1740057537.491794500,1740057537.491705945,/imu/data.linear_acceleration.y,10.654389089999999
19.347295227,1740057537.540721989,1740057537.540627499,/imu/data.linear_acceleration.y,10.900494519999999
19.397186919,1740057537.590613681,1740057537.590515369,/imu/data.linear_acceleration.y,9.9879284
19.449994942,1740057537.643421704,1740057537.643380896,/imu/data.linear_acceleration.y,10.34002084
19.499994271,1740057537.693421033,1740057537.693338012,/imu/data.linear_acceleration.y,11.19330609
19.549897699,1740057537.743324461,1740057537.743235854,/imu/data.linear_acceleration.y,10.81067502
19.598851025000002,1740057537.792277787,1740057537.792227382,/imu/data.linear_acceleration.y,11.04600211
19.650693544,1740057537.844120306,1740057537.844066286,/imu/data.linear_acceleration.y,10.75319054
19.70164209,1740057537.895068852,1740057537.894970759,/imu/data.linear_acceleration.y,9.51547783
19.751563654999998,1740057537.944990417,1740057537.944920203,/imu/data.linear_acceleration.y,9.91786919
19.799450363,1740057537.992877125,1740057537.992842161,/imu/data.linear_acceleration.y,10.35079918
19.852395032,1740057538.045821794,1740057538.045777132,/imu/data.linear_acceleration.y,10.478342869999999
19.903313534,1740057538.096740296,1740057538.096663505,/imu/data.linear_acceleration.y,9.8981089
19.95319258,1740057538.146619342,1740057538.146549659,/imu/data.linear_acceleration.y,10.54660569
20.003177946,1740057538.196604708,1740057538.196510230,/imu/data.linear_acceleration.y,10.30050026
20.054964605,1740057538.248391367,1740057538.248335261,/imu/data.linear_acceleration.y,10.6346288
20.103910843,1740057538.297337605,1740057538.297263208,/imu/data.linear_acceleration.y,10.08493346
20.154811053,1740057538.348237815,1740057538.348175868,/imu/data.linear_acceleration.y,10.478342869999999
20.205771737,1740057538.399198499,1740057538.399070350,/imu/data.linear_acceleration.y,10.654389089999999
20.255714522,1740057538.449141284,1740057538.449015671,/imu/data.linear_acceleration.y,10.40828366
20.304562504,1740057538.497989266,1740057538.497901138,/imu/data.linear_acceleration.y,9.66278181
20.354460026,1740057538.547886788,1740057538.547834717,/imu/data.linear_acceleration.y,10.22325549
20.408389269,1740057538.601816031,1740057538.601732385,/imu/data.linear_acceleration.y,10.889716179999999
20.457275143,1740057538.650701905,1740057538.650651931,/imu/data.linear_acceleration.y,9.67356015
20.507273774,1740057538.700700536,1740057538.700661344,/imu/data.linear_acceleration.y,9.47775364
20.556130354,1740057538.749557116,1740057538.749492731,/imu/data.linear_acceleration.y,10.72265191
20.60803918,1740057538.801465942,1740057538.801418347,/imu/data.linear_acceleration.y,11.459171809999999
20.658940733,1740057538.852367495,1740057538.852322241,/imu/data.linear_acceleration.y,12.145392789999999
20.70891037,1740057538.902337132,1740057538.902274361,/imu/data.linear_acceleration.y,10.6346288
20.756825214,1740057538.950251976,1740057538.950197012,/imu/data.linear_acceleration.y,10.75319054
20.809723326,1740057539.003150088,1740057539.003083246,/imu/data.linear_acceleration.y,10.25199773
20.860584143,1740057539.054010905,1740057539.053959019,/imu/data.linear_acceleration.y,10.73343025
20.910598247,1740057539.104025009,1740057539.103903959,/imu/data.linear_acceleration.y,10.37055947
20.960509805,1740057539.153936567,1740057539.153867507,/imu/data.linear_acceleration.y,10.790914729999999
21.012394603,1740057539.205821365,1740057539.205774258,/imu/data.linear_acceleration.y,10.0957118
21.061303111,1740057539.254729873,1740057539.254662043,/imu/data.linear_acceleration.y,10.8501956
21.110329884,1740057539.303756646,1740057539.303700534,/imu/data.linear_acceleration.y,9.84960637
21.163136021,1740057539.356562783,1740057539.356492039,/imu/data.linear_acceleration.y,10.68313133
21.213082114,1740057539.406508876,1740057539.406438511,/imu/data.linear_acceleration.y,9.82086413
21.262036971,1740057539.455463733,1740057539.455321767,/imu/data.linear_acceleration.y,10.291518309999999
21.311866738,1740057539.505293500,1740057539.505236571,/imu/data.linear_acceleration.y,10.58612627
21.364821178,1740057539.558247940,1740057539.558165506,/imu/data.linear_acceleration.y,9.80110384
21.414662644,1740057539.608089406,1740057539.608041299,/imu/data.linear_acceleration.y,10.43882229
21.463751124,1740057539.657177886,1740057539.657113468,/imu/data.linear_acceleration.y,9.08434423
21.512530822,1740057539.705957584,1740057539.705897405,/imu/data.linear_acceleration.y,10.566365979999999
21.565494039,1740057539.758920801,1740057539.758847177,/imu/data.linear_acceleration.y,9.65379986
21.616357214,1740057539.809783976,1740057539.809733063,/imu/data.linear_acceleration.y,11.301089489999999
21.665274712,1740057539.858701474,1740057539.858653058,/imu/data.linear_acceleration.y,10.43882229
21.714211865,1740057539.907638627,1740057539.907586082,/imu/data.linear_acceleration.y,10.45858258
21.766096993,1740057539.959523755,1740057539.959465183,/imu/data.linear_acceleration.y,11.19330609
21.818064582,1740057540.011491344,1740057540.011434789,/imu/data.linear_acceleration.y,10.39930171
21.867929214,1740057540.061355976,1740057540.061311833,/imu/data.linear_acceleration.y,11.065762399999999
21.91787562,1740057540.111302382,1740057540.111219103,/imu/data.linear_acceleration.y,9.722062679999999
21.969747392,1740057540.163174154,1740057540.163108931,/imu/data.linear_acceleration.y,10.988517629999999
22.018707058,1740057540.212133820,1740057540.212083421,/imu/data.linear_acceleration.y,10.16397462
22.067565546,1740057540.260992308,1740057540.260945810,/imu/data.linear_acceleration.y,10.15319628
22.120499328,1740057540.313926090,1740057540.313879771,/imu/data.linear_acceleration.y,10.83043531
22.170424368,1740057540.363851130,1740057540.363802761,/imu/data.linear_acceleration.y,9.61427928
22.219295461,1740057540.412722223,1740057540.412681928,/imu/data.linear_acceleration.y,10.35978113
22.269321221,1740057540.462747983,1740057540.462696857,/imu/data.linear_acceleration.y,9.457993349999999
22.323177338,1740057540.516604100,1740057540.516549937,/imu/data.linear_acceleration.y,11.55617687
22.37208289,1740057540.565509652,1740057540.565467320,/imu/data.linear_acceleration.y,10.83043531
22.421044478,1740057540.614471240,1740057540.614431011,/imu/data.linear_acceleration.y,10.84121365
22.469938002,1740057540.663364764,1740057540.663312323,/imu/data.linear_acceleration.y,11.793300349999999
22.522857487,1740057540.716284249,1740057540.716223563,/imu/data.linear_acceleration.y,10.30050026
22.573795263,1740057540.767222025,1740057540.767152326,/imu/data.linear_acceleration.y,10.02565259
22.622702934,1740057540.816129696,1740057540.816068247,/imu/data.linear_acceleration.y,10.566365979999999
22.671619782,1740057540.865046544,1740057540.864988426,/imu/data.linear_acceleration.y,10.654389089999999
22.723564566,1740057540.916991328,1740057540.916922733,/imu/data.linear_acceleration.y,10.614868509999999
22.77544884,1740057540.968875602,1740057540.968819553,/imu/data.linear_acceleration.y,10.056191219999999
22.825375086,1740057541.018801848,1740057541.018755595,/imu/data.linear_acceleration.y,10.6346288
22.875268361,1740057541.068695123,1740057541.068643273,/imu/data.linear_acceleration.y,10.625646849999999
22.927152681,1740057541.120579443,1740057541.120517411,/imu/data.linear_acceleration.y,10.07595151
22.976138584,1740057541.169565346,1740057541.169496437,/imu/data.linear_acceleration.y,10.90947647
23.025051429,1740057541.218478191,1740057541.218417337,/imu/data.linear_acceleration.y,10.48732482
23.075910881,1740057541.269337643,1740057541.269284590,/imu/data.linear_acceleration.y,10.06517317
23.127881743,1740057541.321308505,1740057541.321256462,/imu/data.linear_acceleration.y,10.25199773
23.176785017,1740057541.370211779,1740057541.370126833,/imu/data.linear_acceleration.y,10.5268454
23.226656648,1740057541.420083410,1740057541.420034877,/imu/data.linear_acceleration.y,10.82145336
23.276586598,1740057541.470013360,1740057541.469965745,/imu/data.linear_acceleration.y,10.144214329999999
23.329505474,1740057541.522932236,1740057541.522878677,/imu/data.linear_acceleration.y,10.566365979999999
23.378404208,1740057541.571830970,1740057541.571774372,/imu/data.linear_acceleration.y,10.467564529999999
23.427323787,1740057541.620750549,1740057541.620703030,/imu/data.linear_acceleration.y,10.32026055
23.480306109,1740057541.673732871,1740057541.673651231,/imu/data.linear_acceleration.y,9.97715006
23.531177744,1740057541.724604506,1740057541.724549869,/imu/data.linear_acceleration.y,10.67414938
23.580149244,1740057541.773576006,1740057541.773526946,/imu/data.linear_acceleration.y,10.67414938
23.629084328,1740057541.822511090,1740057541.822436369,/imu/data.linear_acceleration.y,10.07595151
23.680914102,1740057541.874340864,1740057541.874290345,/imu/data.linear_acceleration.y,11.00827792
23.732894533,1740057541.926321295,1740057541.926205120,/imu/data.linear_acceleration.y,10.39930171
23.78276527,1740057541.976192032,1740057541.976124133,/imu/data.linear_acceleration.y,10.419062
23.831750784,1740057542.025177546,1740057542.025066978,/imu/data.linear_acceleration.y,10.54660569
23.884631935,1740057542.078058697,1740057542.078002843,/imu/data.linear_acceleration.y,10.713669959999999
23.93356661,1740057542.126993372,1740057542.126938608,/imu/data.linear_acceleration.y,10.76217249
23.982557837,1740057542.175984599,1740057542.175873490,/imu/data.linear_acceleration.y,9.957389769999999
24.033407331,1740057542.226834093,1740057542.226721340,/imu/data.linear_acceleration.y,10.91845842
24.085290223,1740057542.278716985,1740057542.278648796,/imu/data.linear_acceleration.y,9.781343549999999
24.134283143,1740057542.327709905,1740057542.327654829,/imu/data.linear_acceleration.y,9.634039569999999
24.184129949,1740057542.377556711,1740057542.377486906,/imu/data.linear_acceleration.y,11.547194919999999
24.234094037,1740057542.427520799,1740057542.427463172,/imu/data.linear_acceleration.y,10.35079918
24.285979025,1740057542.479405787,1740057542.479339177,/imu/data.linear_acceleration.y,11.01725987
24.335876647,1740057542.529303409,1740057542.529252529,/imu/data.linear_acceleration.y,11.635218029999999
24.384833424,1740057542.578260186,1740057542.578193708,/imu/data.linear_acceleration.y,9.93762948
24.437785703,1740057542.631212465,1740057542.631108711,/imu/data.linear_acceleration.y,10.53582735
24.488716007,1740057542.682142769,1740057542.682083161,/imu/data.linear_acceleration.y,10.90947647
24.537593686,1740057542.731020448,1740057542.730963157,/imu/data.linear_acceleration.y,11.18432414
24.588462132,1740057542.781888894,1740057542.781840938,/imu/data.linear_acceleration.y,10.83043531
24.638395549,1740057542.831822311,1740057542.831762497,/imu/data.linear_acceleration.y,9.968168109999999
24.690353101,1740057542.883779863,1740057542.883734738,/imu/data.linear_acceleration.y,10.34002084
24.740275203,1740057542.933701965,1740057542.933659399,/imu/data.linear_acceleration.y,10.77295083
24.789140135,1740057542.982566897,1740057542.982522069,/imu/data.linear_acceleration.y,10.33103889
24.842091275,1740057543.035518037,1740057543.035457662,/imu/data.linear_acceleration.y,10.53582735
24.89000277,1740057543.083429532,1740057543.083367131,/imu/data.linear_acceleration.y,10.39930171
24.93994321,1740057543.133369972,1740057543.133298979,/imu/data.linear_acceleration.y,9.42745472
24.989778294,1740057543.183205056,1740057543.183152601,/imu/data.linear_acceleration.y,11.18432414
25.042713683,1740057543.236140445,1740057543.236086962,/imu/data.linear_acceleration.y,10.64540714
25.09161215,1740057543.285038912,1740057543.284980192,/imu/data.linear_acceleration.y,10.51786345
25.140564118,1740057543.333990880,1740057543.333926636,/imu/data.linear_acceleration.y,10.16397462
25.191461158,1740057543.384887920,1740057543.384843909,/imu/data.linear_acceleration.y,10.45858258
25.243375505,1740057543.436802267,1740057543.436758844,/imu/data.linear_acceleration.y,10.35978113
25.293339948,1740057543.486766710,1740057543.486719638,/imu/data.linear_acceleration.y,10.478342869999999
25.342271637,1740057543.535698399,1740057543.535653388,/imu/data.linear_acceleration.y,10.30050026
25.395151322,1740057543.588578084,1740057543.588502608,/imu/data.linear_acceleration.y,11.065762399999999
25.446068023,1740057543.639494785,1740057543.639444626,/imu/data.linear_acceleration.y,10.25199773
25.494898856,1740057543.688325618,1740057543.688268840,/imu/data.linear_acceleration.y,10.10469375
25.545894748,1740057543.739321510,1740057543.739279062,/imu/data.linear_acceleration.y,10.25199773
25.595800196,1740057543.789226958,1740057543.789181023,/imu/data.linear_acceleration.y,10.790914729999999
25.647705428000002,1740057543.841132190,1740057543.841090124,/imu/data.linear_acceleration.y,10.32026055
25.697644711,1740057543.891071473,1740057543.890990002,/imu/data.linear_acceleration.y,9.17236734
25.746471519,1740057543.939898281,1740057543.939851418,/imu/data.linear_acceleration.y,10.37055947
25.798465887,1740057543.991892649,1740057543.991842707,/imu/data.linear_acceleration.y,11.51845268
25.847326948,1740057544.040753710,1740057544.040705917,/imu/data.linear_acceleration.y,9.2514085
25.897300514,1740057544.090727276,1740057544.090674486,/imu/data.linear_acceleration.y,11.734019479999999
25.948277041,1740057544.141703803,1740057544.141654560,/imu/data.linear_acceleration.y,11.01725987
26.000095933,1740057544.193522695,1740057544.193481024,/imu/data.linear_acceleration.y,9.8981089
26.048043607,1740057544.241470369,1740057544.241428479,/imu/data.linear_acceleration.y,10.08493346
26.098934629,1740057544.292361391,1740057544.292311413,/imu/data.linear_acceleration.y,10.43882229
26.149789701,1740057544.343216463,1740057544.343169864,/imu/data.linear_acceleration.y,11.125043269999999
26.200817831,1740057544.394244593,1740057544.394174517,/imu/data.linear_acceleration.y,10.467564529999999
26.250688058,1740057544.444114820,1740057544.444065785,/imu/data.linear_acceleration.y,9.93762948
26.299641573,1740057544.493068335,1740057544.493013660,/imu/data.linear_acceleration.y,10.45858258
26.350548956,1740057544.543975718,1740057544.543915308,/imu/data.linear_acceleration.y,10.69390967
26.403429961,1740057544.596856723,1740057544.596799842,/imu/data.linear_acceleration.y,10.58612627
26.452297245,1740057544.645724007,1740057544.645658104,/imu/data.linear_acceleration.y,9.67356015
26.503293559,1740057544.696720321,1740057544.696653518,/imu/data.linear_acceleration.y,10.17295657
26.55320266,1740057544.746629422,1740057544.746571710,/imu/data.linear_acceleration.y,9.86038471
26.605051292,1740057544.798478054,1740057544.798433715,/imu/data.linear_acceleration.y,11.43941152
26.652998021,1740057544.846424783,1740057544.846362206,/imu/data.linear_acceleration.y,10.280739969999999
26.703981582,1740057544.897408344,1740057544.897354765,/imu/data.linear_acceleration.y,10.78193278
26.755867184,1740057544.949293946,1740057544.949252604,/imu/data.linear_acceleration.y,10.40828366
26.804795917,1740057544.998222679,1740057544.998183514,/imu/data.linear_acceleration.y,9.968168109999999
26.854687221,1740057545.048113983,1740057545.048060935,/imu/data.linear_acceleration.y,9.9879284
26.905563433,1740057545.098990195,1740057545.098949086,/imu/data.linear_acceleration.y,9.93762948
26.95745138,1740057545.150878142,1740057545.150837164,/imu/data.linear_acceleration.y,10.889716179999999
27.005379925,1740057545.198806687,1740057545.198766763,/imu/data.linear_acceleration.y,11.135821609999999
27.056407735,1740057545.249834497,1740057545.249716415,/imu/data.linear_acceleration.y,10.64540714
27.107446045,1740057545.300872807,1740057545.300700226,/imu/data.linear_acceleration.y,10.45858258
27.158114576,1740057545.351541338,1740057545.351491885,/imu/data.linear_acceleration.y,10.478342869999999
27.208091754,1740057545.401518516,1740057545.401433961,/imu/data.linear_acceleration.y,10.66337104
27.257053445,1740057545.450480207,1740057545.450390581,/imu/data.linear_acceleration.y,10.280739969999999
27.30799726,1740057545.501424022,1740057545.501274227,/imu/data.linear_acceleration.y,10.10469375
27.360901329,1740057545.554328091,1740057545.554228446,/imu/data.linear_acceleration.y,10.957979
27.409779285,1740057545.603206047,1740057545.603146811,/imu/data.linear_acceleration.y,10.478342869999999
27.460694926,1740057545.654121688,1740057545.654060103,/imu/data.linear_acceleration.y,10.35978113
27.510628272,1740057545.704055034,1740057545.703972991,/imu/data.linear_acceleration.y,10.419062
27.562518863,1740057545.755945625,1740057545.755877635,/imu/data.linear_acceleration.y,10.25199773
27.6104338,1740057545.803860562,1740057545.803776123,/imu/data.linear_acceleration.y,10.57534793
27.661267728,1740057545.854694490,1740057545.854640419,/imu/data.linear_acceleration.y,11.065762399999999
27.713204358,1740057545.906631120,1740057545.906558545,/imu/data.linear_acceleration.y,10.291518309999999
27.762197141,1740057545.955623903,1740057545.955563664,/imu/data.linear_acceleration.y,10.25199773
27.812112446,1740057546.005539208,1740057546.005461612,/imu/data.linear_acceleration.y,9.634039569999999
27.862946115,1740057546.056372877,1740057546.056311352,/imu/data.linear_acceleration.y,10.81067502
27.914974975,1740057546.108401737,1740057546.108267359,/imu/data.linear_acceleration.y,10.419062
27.962758041,1740057546.156184803,1740057546.156120593,/imu/data.linear_acceleration.y,10.790914729999999
28.013757841,1740057546.207184603,1740057546.207069320,/imu/data.linear_acceleration.y,10.18373491
28.063634074,1740057546.257060836,1740057546.256947111,/imu/data.linear_acceleration.y,10.37055947
28.116612097,1740057546.310038859,1740057546.309916528,/imu/data.linear_acceleration.y,9.91786919
28.16549949,1740057546.358926252,1740057546.358808331,/imu/data.linear_acceleration.y,9.73284102
28.214455826,1740057546.407882588,1740057546.407754854,/imu/data.linear_acceleration.y,10.26277607
28.265291252,1740057546.458718014,1740057546.458651252,/imu/data.linear_acceleration.y,10.58612627
28.317201069,1740057546.510627831,1740057546.510540287,/imu/data.linear_acceleration.y,10.15319628
28.367034122,1740057546.560460884,1740057546.560402980,/imu/data.linear_acceleration.y,9.58553704
28.416099164,1740057546.609525926,1740057546.609382569,/imu/data.linear_acceleration.y,11.51845268
28.467944045,1740057546.661370807,1740057546.661314854,/imu/data.linear_acceleration.y,10.40828366
28.51990671,1740057546.713333472,1740057546.713213085,/imu/data.linear_acceleration.y,10.43882229
28.567741558,1740057546.761168320,1740057546.761119201,/imu/data.linear_acceleration.y,10.192716859999999
28.617760289,1740057546.811187051,1740057546.811126919,/imu/data.linear_acceleration.y,10.25199773
28.670584794,1740057546.864011556,1740057546.863969298,/imu/data.linear_acceleration.y,10.73343025
28.719509286,1740057546.912936048,1740057546.912874667,/imu/data.linear_acceleration.y,10.93821871
28.770454222,1740057546.963880984,1740057546.963822135,/imu/data.linear_acceleration.y,10.35978113
28.820398446,1740057547.013825208,1740057547.013767581,/imu/data.linear_acceleration.y,11.223844719999999
28.872277274,1740057547.065704036,1740057547.065662674,/imu/data.linear_acceleration.y,9.24242655
28.920285723,1740057547.113712485,1740057547.113615689,/imu/data.linear_acceleration.y,10.83043531
28.971110539,1740057547.164537301,1740057547.164492292,/imu/data.linear_acceleration.y,10.291518309999999
29.022081108,1740057547.215507870,1740057547.215434145,/imu/data.linear_acceleration.y,10.614868509999999
29.072948096,1740057547.266374858,1740057547.266325627,/imu/data.linear_acceleration.y,10.57534793
29.122899094,1740057547.316325856,1740057547.316276091,/imu/data.linear_acceleration.y,10.3112786
29.170805165,1740057547.364231927,1740057547.364182521,/imu/data.linear_acceleration.y,10.96875734
29.222685791,1740057547.416112553,1740057547.416060082,/imu/data.linear_acceleration.y,10.977739289999999
29.275649832,1740057547.469076594,1740057547.469016176,/imu/data.linear_acceleration.y,10.78193278
29.324629195,1740057547.518055957,1740057547.517940687,/imu/data.linear_acceleration.y,10.6346288
29.37349983,1740057547.566926592,1740057547.566821418,/imu/data.linear_acceleration.y,9.968168109999999
29.425390521,1740057547.618817283,1740057547.618766460,/imu/data.linear_acceleration.y,9.90888724
29.477255392,1740057547.670682154,1740057547.670636819,/imu/data.linear_acceleration.y,10.7424122
29.525263851,1740057547.718690613,1740057547.718648525,/imu/data.linear_acceleration.y,10.67414938
29.575089347,1740057547.768516109,1740057547.768473160,/imu/data.linear_acceleration.y,10.27175802
29.626047928,1740057547.819474690,1740057547.819428640,/imu/data.linear_acceleration.y,10.280739969999999
29.676940644,1740057547.870367406,1740057547.870324555,/imu/data.linear_acceleration.y,10.01667064
29.726866425,1740057547.920293187,1740057547.920251133,/imu/data.linear_acceleration.y,10.45858258
29.777779796,1740057547.971206558,1740057547.971145460,/imu/data.linear_acceleration.y,10.59510822
29.828753057,1740057548.022179819,1740057548.022059940,/imu/data.linear_acceleration.y,10.82145336
29.8776845,1740057548.071111262,1740057548.070989883,/imu/data.linear_acceleration.y,10.13523238
29.928574651,1740057548.122001413,1740057548.121883721,/imu/data.linear_acceleration.y,11.39090899
29.979488446,1740057548.172915208,1740057548.172801593,/imu/data.linear_acceleration.y,11.53821297
30.031385164,1740057548.224811926,1740057548.224699816,/imu/data.linear_acceleration.y,10.555587639999999
30.080326191,1740057548.273752953,1740057548.273639187,/imu/data.linear_acceleration.y,10.90947647
30.128247041,1740057548.321673803,1740057548.321565042,/imu/data.linear_acceleration.y,9.58553704
30.180143409,1740057548.373570171,1740057548.373449821,/imu/data.linear_acceleration.y,11.01725987
30.233037192,1740057548.426463954,1740057548.426398328,/imu/data.linear_acceleration.y,10.8501956
30.281858679,1740057548.475285441,1740057548.475245056,/imu/data.linear_acceleration.y,10.25199773
30.331821215,1740057548.525247977,1740057548.525177594,/imu/data.linear_acceleration.y,10.115472089999999
30.382779544,1740057548.576206306,1740057548.576146033,/imu/data.linear_acceleration.y,11.42863318
30.432648926,1740057548.626075688,1740057548.626019240,/imu/data.linear_acceleration.y,10.06517317
30.482632791,1740057548.676059553,1740057548.675986458,/imu/data.linear_acceleration.y,10.82145336
30.53250762,1740057548.725934382,1740057548.725866820,/imu/data.linear_acceleration.y,11.18432414
30.583427756,1740057548.776854518,1740057548.776792239,/imu/data.linear_acceleration.y,10.45858258
30.634369499,1740057548.827796261,1740057548.827716546,/imu/data.linear_acceleration.y,9.99691035
30.685281072,1740057548.878707834,1740057548.878658912,/imu/data.linear_acceleration.y,10.35079918
30.73517801,1740057548.928604772,1740057548.928549725,/imu/data.linear_acceleration.y,10.8501956
30.786094271,1740057548.979521033,1740057548.979470491,/imu/data.linear_acceleration.y,10.43882229
30.834029282,1740057549.027456044,1740057549.027397123,/imu/data.linear_acceleration.y,10.390319759999999
30.88589452,1740057549.079321282,1740057549.079270744,/imu/data.linear_acceleration.y,10.32026055
30.935845866,1740057549.129272628,1740057549.129218127,/imu/data.linear_acceleration.y,10.44780424
30.988734374,1740057549.182161136,1740057549.182112116,/imu/data.linear_acceleration.y,10.51786345
31.037688636,1740057549.231115398,1740057549.231055941,/imu/data.linear_acceleration.y,10.57534793
31.085563858,1740057549.278990620,1740057549.278948902,/imu/data.linear_acceleration.y,10.390319759999999
31.137498631,1740057549.330925393,1740057549.330881068,/imu/data.linear_acceleration.y,10.566365979999999
31.19041201,1740057549.383838772,1740057549.383753094,/imu/data.linear_acceleration.y,10.45858258
31.239289382,1740057549.432716144,1740057549.432658885,/imu/data.linear_acceleration.y,10.27175802
31.289266046,1740057549.482692808,1740057549.482640637,/imu/data.linear_acceleration.y,10.45858258
31.340106074,1740057549.533532836,1740057549.533483004,/imu/data.linear_acceleration.y,10.555587639999999
31.390175881,1740057549.583602643,1740057549.583451191,/imu/data.linear_acceleration.y,10.40828366
31.439967155,1740057549.633393917,1740057549.633343341,/imu/data.linear_acceleration.y,10.35978113
31.489965251,1740057549.683392013,1740057549.683326953,/imu/data.linear_acceleration.y,10.53582735
31.540814836,1740057549.734241598,1740057549.734182244,/imu/data.linear_acceleration.y,10.45858258
31.591799496,1740057549.785226258,1740057549.785104376,/imu/data.linear_acceleration.y,10.48732482
31.642648078,1740057549.836074840,1740057549.836034312,/imu/data.linear_acceleration.y,10.33103889
31.692567073,1740057549.885993835,1740057549.885933634,/imu/data.linear_acceleration.y,10.49810316
31.743456638,1740057549.936883400,1740057549.936820797,/imu/data.linear_acceleration.y,10.39930171
31.794426124,1740057549.987852886,1740057549.987799739,/imu/data.linear_acceleration.y,10.467564529999999
31.842405927,1740057550.035832689,1740057550.035774010,/imu/data.linear_acceleration.y,10.379541419999999
31.893275888,1740057550.086702650,1740057550.086641613,/imu/data.linear_acceleration.y,10.57534793
31.945187384,1740057550.138614146,1740057550.138552644,/imu/data.linear_acceleration.y,10.49810316
31.995067046,1740057550.188493808,1740057550.188416495,/imu/data.linear_acceleration.y,10.43882229
32.044030237,1740057550.237456999,1740057550.237397296,/imu/data.linear_acceleration.y,10.555587639999999
32.093899872,1740057550.287326634,1740057550.287274395,/imu/data.linear_acceleration.y,10.390319759999999
32.14780259,1740057550.341229352,1740057550.341178361,/imu/data.linear_acceleration.y,10.45858258
32.195759977,1740057550.389186739,1740057550.389147058,/imu/data.linear_acceleration.y,10.51786345
32.246649666,1740057550.440076428,1740057550.440007506,/imu/data.linear_acceleration.y,10.32026055
32.294666554,1740057550.488093316,1740057550.487978367,/imu/data.linear_acceleration.y,10.35079918
32.347493008,1740057550.540919770,1740057550.540864287,/imu/data.linear_acceleration.y,10.33103889
32.397379816,1740057550.590806578,1740057550.590745979,/imu/data.linear_acceleration.y,10.45858258
32.447275915,1740057550.640702677,1740057550.640652712,/imu/data.linear_acceleration.y,10.43882229
32.498287025,1740057550.691713787,1740057550.691660696,/imu/data.linear_acceleration.y,10.48732482
32.549133551,1740057550.742560313,1740057550.742500323,/imu/data.linear_acceleration.y,10.419062
32.599035058,1740057550.792461820,1740057550.792403846,/imu/data.linear_acceleration.y,10.48732482
32.649029267,1740057550.842456029,1740057550.842401464,/imu/data.linear_acceleration.y,10.39930171
32.700951626,1740057550.894378388,1740057550.894304194,/imu/data.linear_acceleration.y,10.51786345
32.751835819,1740057550.945262581,1740057550.945195229,/imu/data.linear_acceleration.y,10.53582735
32.798743391,1740057550.992170153,1740057550.992117885,/imu/data.linear_acceleration.y,10.555587639999999
32.850678334,1740057551.044105096,1740057551.044049321,/imu/data.linear_acceleration.y,10.39930171
32.901567629,1740057551.094994391,1740057551.094947149,/imu/data.linear_acceleration.y,10.43882229
32.952522313,1740057551.145949075,1740057551.145903447,/imu/data.linear_acceleration.y,10.614868509999999
33.001469245,1740057551.194896007,1740057551.194834483,/imu/data.linear_acceleration.y,10.379541419999999
33.052363181,1740057551.245789943,1740057551.245748976,/imu/data.linear_acceleration.y,10.379541419999999
33.103326152,1740057551.296752914,1740057551.296705469,/imu/data.linear_acceleration.y,10.37055947
33.153258563,1740057551.346685325,1740057551.346638520,/imu/data.linear_acceleration.y,10.49810316
33.203185108,1740057551.396611870,1740057551.396540601,/imu/data.linear_acceleration.y,10.45858258
33.252008739,1740057551.445435501,1740057551.445398236,/imu/data.linear_acceleration.y,10.39930171
33.30404948,1740057551.497476242,1740057551.497367960,/imu/data.linear_acceleration.y,10.5268454
33.35387065,1740057551.547297412,1740057551.547251512,/imu/data.linear_acceleration.y,10.566365979999999
33.404808338,1740057551.598235100,1740057551.598145927,/imu/data.linear_acceleration.y,10.43882229
33.455680532,1740057551.649107294,1740057551.649057377,/imu/data.linear_acceleration.y,10.35079918
33.505613129,1740057551.699039891,1740057551.698971041,/imu/data.linear_acceleration.y,10.419062
33.555533547,1740057551.748960309,1740057551.748903121,/imu/data.linear_acceleration.y,10.44780424
33.607454553,1740057551.800881315,1740057551.800807538,/imu/data.linear_acceleration.y,10.45858258
33.658303584,1740057551.851730346,1740057551.851682080,/imu/data.linear_acceleration.y,10.35079918
33.709293997,1740057551.902720759,1740057551.902659609,/imu/data.linear_acceleration.y,10.42804395
33.756135038,1740057551.949561800,1740057551.949515977,/imu/data.linear_acceleration.y,10.43882229
33.808190697,1740057552.001617459,1740057552.001493830,/imu/data.linear_acceleration.y,10.45858258