timestamp,distance
10967, 30.92 cm
11071, 30.92 cm
11175, 30.91 cm
11279, 30.92 cm
11383, 30.91 cm
11487, 30.91 cm
11591, 30.91 cm
11695, 30.91 cm
11799, 30.91 cm
11903, 30.91 cm
12007, 30.91 cm
12111, 30.92 cm
12215, 30.91 cm
12319, 30.91 cm
12423, 30.92 cm
12527, 30.92 cm
12631, 30.91 cm
12735, 30.91 cm
12839, 30.91 cm
12943, 30.91 cm
13047, 30.91 cm
13151, 30.91 cm
13255, 30.91 cm
13359, 30.91 cm
13463, 30.91 cm
13567, 30.91 cm
13671, 30.91 cm
13775, 30.91 cm
13879, 30.91 cm
13983, 30.91 cm
14087, 30.91 cm
14191, 30.91 cm
14295, 30.92 cm
14399, 30.91 cm
14503, 30.91 cm
14607, 30.91 cm
14711, 30.91 cm
14815, 30.91 cm
14919, 30.91 cm
15023, 30.91 cm
15127, 30.91 cm
15231, 30.91 cm
15335, 30.91 cm
15439, 30.91 cm
15543, 30.91 cm
15647, 30.91 cm
15751, 30.91 cm
15855, 30.91 cm
15959, 30.91 cm
16063, 30.91 cm
16167, 30.91 cm
16271, 30.91 cm
16375, 30.91 cm
16479, 30.91 cm
16583, 30.91 cm
16687, 30.91 cm
16791, 30.91 cm
16895, 30.91 cm
16999, 30.91 cm
17103, 30.91 cm
17207, 30.91 cm
17311, 30.91 cm
17415, 30.91 cm
17519, 30.91 cm
17623, 30.91 cm
17727, 30.92 cm
17831, 30.91 cm
17935, 30.91 cm
18039, 30.91 cm
18143, 30.91 cm
18247, 30.91 cm
18351, 30.91 cm
18455, 30.91 cm
18559, 30.91 cm
18663, 30.91 cm
18767, 30.91 cm
18871, 30.91 cm
18975, 30.91 cm
19079, 30.91 cm
19183, 30.91 cm
19287, 30.91 cm
19391, 30.91 cm
19495, 30.91 cm
19599, 30.91 cm
19703, 30.91 cm
19807, 30.91 cm
19911, 30.91 cm
20015, 30.91 cm
20119, 30.91 cm
20223, 30.91 cm
20327, 30.91 cm
20431, 30.91 cm
20535, 30.91 cm
20639, 30.91 cm
20743, 30.91 cm
20847, 30.91 cm
20951, 30.91 cm
21055, 30.91 cm
21159, 30.91 cm
21263, 30.92 cm
21367, 30.91 cm
21471, 30.91 cm
21575, 30.92 cm
21679, 30.92 cm
21783, 30.89 cm
21887, 30.91 cm
21991, 30.91 cm
22095, 30.91 cm
22199, 30.91 cm
22303, 30.91 cm
22407, 30.91 cm
22511, 30.91 cm
22615, 30.91 cm
22719, 30.92 cm
22823, 30.91 cm
22927, 30.91 cm
23031, 30.91 cm
23135, 30.91 cm
23239, 30.91 cm
23343, 30.91 cm
23447, 30.91 cm
23551, 30.89 cm
23655, 30.91 cm
23759, 30.91 cm
23863, 30.91 cm
23967, 30.91 cm
24071, 30.91 cm
24175, 30.89 cm
24279, 30.87 cm
24383, 30.89 cm
24487, 30.89 cm
24591, 30.87 cm
24695, 30.89 cm
24799, 30.89 cm
24903, 30.89 cm
25007, 30.89 cm
25111, 30.89 cm
25215, 30.89 cm
25319, 30.87 cm
25423, 30.89 cm
25527, 30.89 cm
25631, 30.87 cm
25735, 30.89 cm
25839, 30.89 cm
25943, 30.89 cm
26047, 30.89 cm
26151, 30.89 cm
26255, 30.89 cm
26359, 30.89 cm
26463, 30.89 cm
26567, 30.89 cm
26671, 30.89 cm
26775, 30.89 cm
26879, 30.89 cm
26983, 30.89 cm
27087, 30.89 cm
27191, 30.89 cm
27295, 30.89 cm
27399, 30.89 cm
27503, 30.89 cm
27607, 30.89 cm
27711, 30.89 cm
27815, 30.89 cm
27919, 30.89 cm
28023, 30.89 cm
28127, 30.89 cm
28231, 30.89 cm
28335, 30.89 cm
28439, 30.89 cm
28543, 30.87 cm
28647, 30.89 cm
28751, 30.89 cm
28855, 30.89 cm
28959, 30.89 cm
29063, 30.89 cm
29167, 30.89 cm
29271, 30.89 cm
29375, 30.89 cm
29479, 30.89 cm
29583, 30.89 cm
29687, 30.89 cm
29791, 30.89 cm
29895, 30.89 cm
29999, 30.89 cm
30103, 30.89 cm
30207, 30.89 cm
30311, 30.89 cm
30415, 30.89 cm
30519, 30.89 cm
30623, 30.89 cm
30727, 30.89 cm
30831, 30.89 cm
30935, 30.89 cm
31039, 30.89 cm
31143, 30.89 cm
31247, 30.89 cm
31351, 30.89 cm
31455, 30.89 cm
31559, 30.89 cm
31663, 30.89 cm
31767, 30.89 cm
31871, 31.67 cm
31975, 31.67 cm
32079, 31.67 cm
32183, 31.67 cm
32287, 31.67 cm
32391, 31.69 cm
32495, 31.67 cm
32599, 31.67 cm
32703, 31.67 cm
32807, 31.67 cm
32911, 31.67 cm
33015, 31.67 cm
33119, 31.67 cm
33223, 31.67 cm
33327, 31.67 cm
33431, 31.67 cm
33535, 31.67 cm
33639, 31.67 cm
33743, 31.67 cm
33847, 31.67 cm
33951, 31.67 cm
34055, 31.67 cm
34159, 31.65 cm
34263, 32.44 cm
34367, 32.44 cm
34471, 34.27 cm
34575, 33.49 cm
34679, 33.49 cm
34783, 33.49 cm
34887, 33.49 cm
34991, 35.56 cm
35095, 35.56 cm
35199, 35.56 cm
35303, 35.56 cm
35407, 35.56 cm
35511, 35.56 cm
35615, 35.56 cm
35719, 35.56 cm
35823, 35.56 cm
35927, 35.56 cm
36031, 36.06 cm
36135, 36.06 cm
36239, 36.06 cm
36343, 36.06 cm
36447, 36.06 cm
36551, 36.06 cm
36655, 36.06 cm
36759, 36.06 cm
36863, 36.06 cm
36967, 36.06 cm
37071, 31.93 cm
37175, 31.93 cm
37279, 31.93 cm
37383, 31.93 cm
37487, 31.93 cm
37591, 31.91 cm
37695, 31.93 cm
37799, 31.93 cm
37903, 31.93 cm
38007, 31.91 cm
38111, 31.91 cm
38215, 31.93 cm
38319, 31.93 cm
38423, 30.63 cm
38527, 30.63 cm
38631, 30.62 cm
38735, 30.62 cm
38839, 30.62 cm
38943, 30.63 cm
39047, 30.63 cm
39151, 30.63 cm
39255, 30.63 cm
39359, 30.63 cm
39463, 30.63 cm
39567, 30.63 cm
39671, 30.63 cm
39775, 30.63 cm
39879, 30.63 cm
39983, 30.62 cm
40087, 30.62 cm
40191, 30.63 cm
40295, 30.62 cm
40399, 30.62 cm
40503, 30.62 cm
40607, 30.63 cm
40711, 31.93 cm
40815, 31.93 cm
40919, 31.93 cm
41025, 62.49 cm
41131, 61.95 cm
41237, 61.97 cm
41343, 61.95 cm
41449, 62.51 cm
41553, 36.06 cm
41657, 36.06 cm
41761, 36.06 cm
41865, 36.06 cm
41969, 36.06 cm
42073, 36.06 cm
42177, 36.04 cm
42281, 36.06 cm
42385, 36.06 cm
42489, 36.06 cm
42593, 36.06 cm
42697, 36.06 cm
42801, 33.49 cm
42905, 33.49 cm
43009, 33.49 cm
43113, 33.49 cm
43217, 33.49 cm
43321, 33.47 cm
43425, 33.49 cm
43529, 33.49 cm
43633, 33.49 cm
43737, 33.49 cm
43841, 32.20 cm
43945, 32.18 cm
44049, 32.18 cm
44153, 32.20 cm
44257, 33.47 cm
44361, 32.18 cm
44465, 32.18 cm
44569, 32.20 cm
44673, 32.18 cm
44777, 32.18 cm
44881, 32.18 cm
44985, 32.18 cm
45089, 32.18 cm
45193, 32.20 cm
45297, 32.18 cm
45401, 32.18 cm
45505, 32.18 cm
45609, 32.18 cm
45713, 32.18 cm
45817, 32.18 cm
45921, 32.18 cm
46025, 32.20 cm
46129, 32.20 cm
46233, 32.18 cm
46337, 32.18 cm
46441, 32.20 cm
46545, 32.18 cm
46649, 32.18 cm
46753, 32.20 cm
46857, 32.20 cm
46961, 32.18 cm
47065, 33.47 cm
47169, 32.20 cm
47273, 33.49 cm
47377, 33.49 cm
47481, 32.20 cm
47585, 32.20 cm
47689, 32.18 cm
47793, 32.18 cm
47897, 32.20 cm
48001, 32.20 cm
48105, 32.20 cm
48209, 33.47 cm
48313, 33.49 cm
48417, 33.47 cm
48521, 33.47 cm
48625, 33.47 cm
48729, 32.18 cm
48833, 33.47 cm
48937, 33.47 cm
49041, 33.49 cm
49145, 33.47 cm
49249, 32.18 cm
49353, 32.18 cm
49457, 32.18 cm
49561, 32.18 cm
49665, 32.18 cm
49769, 32.18 cm
49873, 32.18 cm
49977, 32.20 cm
50081, 32.20 cm
50185, 32.18 cm
50289, 32.18 cm
50393, 32.18 cm
50497, 32.18 cm
50601, 32.18 cm
50705, 32.18 cm
50809, 32.18 cm
50913, 32.18 cm
51017, 32.18 cm
51121, 32.18 cm
51225, 32.18 cm
51329, 32.18 cm
51433, 32.18 cm
51537, 32.20 cm
51641, 32.18 cm
51745, 32.18 cm
51849, 32.18 cm
51953, 32.18 cm
52057, 32.20 cm
52161, 32.20 cm
52265, 31.40 cm
52369, 31.40 cm
52473, 31.40 cm
52577, 31.40 cm
52681, 31.42 cm
52785, 31.40 cm
52889, 31.40 cm
52993, 31.40 cm
53097, 31.40 cm
53201, 31.40 cm
53305, 31.42 cm
53409, 31.40 cm
53513, 31.40 cm
53617, 30.62 cm
53721, 30.63 cm
53825, 30.63 cm
53929, 30.63 cm
54033, 30.63 cm
54137, 30.63 cm
54241, 30.62 cm
54345, 30.62 cm
54449, 30.62 cm
54553, 30.62 cm
54657, 30.62 cm
54761, 30.62 cm
54865, 30.63 cm
54969, 30.62 cm
55073, 30.62 cm
55177, 30.63 cm
55281, 30.62 cm
55385, 30.63 cm
55489, 30.62 cm
55593, 30.62 cm
55697, 30.63 cm
55801, 29.83 cm
55905, 29.83 cm
56009, 29.83 cm
56113, 29.83 cm
56217, 29.83 cm
56321, 29.83 cm
56425, 29.85 cm
56529, 29.83 cm
56633, 29.85 cm
56737, 29.85 cm
56841, 29.85 cm
56945, 29.85 cm
57049, 29.85 cm
57153, 29.85 cm
57257, 29.85 cm
57361, 29.83 cm
57465, 29.83 cm
57569, 29.83 cm
57673, 29.85 cm
57777, 29.85 cm
57881, 29.83 cm
57985, 29.83 cm
58089, 29.85 cm
58193, 29.83 cm
58297, 29.83 cm
58401, 29.83 cm
58505, 29.85 cm
58609, 29.85 cm
58713, 29.85 cm
58817, 29.83 cm
58921, 29.85 cm
59025, 29.83 cm
59129, 29.85 cm
59233, 29.85 cm
59337, 29.83 cm
59441, 29.85 cm
59545, 29.83 cm
59649, 29.83 cm
59753, 29.83 cm
59857, 29.83 cm
59961, 29.85 cm
60065, 29.85 cm
60169, 29.85 cm
60273, 29.85 cm
60377, 29.83 cm
60481, 29.83 cm
60585, 29.83 cm
60689, 29.85 cm
60793, 29.83 cm
60897, 29.83 cm
61001, 29.83 cm
61105, 29.33 cm
61209, 29.33 cm
61313, 29.33 cm
61417, 29.33 cm
61521, 29.33 cm
61625, 29.33 cm
61729, 29.33 cm
61833, 29.33 cm
61937, 29.33 cm
62041, 29.83 cm
62145, 29.83 cm
62249, 29.85 cm
62353, 29.83 cm
62457, 29.83 cm
62561, 29.83 cm
62665, 29.83 cm
62769, 29.83 cm
62873, 29.85 cm
62977, 29.33 cm
63081, 29.83 cm
63185, 29.85 cm
63289, 29.33 cm
63393, 29.33 cm
63497, 29.33 cm
63601, 29.33 cm
63705, 29.33 cm
63809, 29.33 cm
63913, 29.33 cm
64017, 29.33 cm
64121, 29.33 cm
64225, 29.33 cm
64329, 29.33 cm
64433, 29.33 cm
64537, 29.33 cm
64641, 29.33 cm
64745, 29.83 cm
64849, 29.83 cm
64953, 29.83 cm
65057, 29.85 cm
65161, 29.83 cm
65265, 29.85 cm
65369, 29.83 cm
65473, 29.85 cm
65577, 29.85 cm
65681, 29.85 cm
65785, 29.85 cm
65889, 29.85 cm
65993, 29.83 cm
66097, 29.85 cm
66201, 29.83 cm
66305, 29.83 cm
66409, 29.83 cm
66513, 29.85 cm
66617, 29.85 cm
66721, 29.83 cm
66825, 29.83 cm
66929, 29.85 cm
67033, 29.83 cm
67137, 29.85 cm
67241, 29.85 cm
67345, 29.85 cm
67449, 29.85 cm
67553, 29.85 cm
67657, 29.85 cm
67761, 29.85 cm
67865, 29.83 cm
67969, 29.85 cm
68073, 29.85 cm
68177, 29.85 cm
68281, 29.85 cm
68385, 29.85 cm
68489, 29.83 cm
68593, 29.83 cm
68697, 29.85 cm
68801, 29.83 cm
68905, 29.85 cm
69009, 29.83 cm
69113, 29.85 cm
69217, 29.83 cm
69321, 29.83 cm
69425, 29.85 cm
69529, 29.83 cm
69633, 29.83 cm
69737, 29.85 cm
69841, 29.83 cm
69945, 29.85 cm
70049, 29.85 cm
70153, 29.83 cm
70257, 29.85 cm
70361, 29.85 cm
70465, 29.85 cm
70569, 29.83 cm
70673, 29.83 cm
70777, 29.34 cm
70881, 29.33 cm
70985, 29.33 cm
71089, 29.33 cm
71193, 29.33 cm
71297, 29.33 cm
71401, 29.31 cm
71505, 29.33 cm
71609, 29.33 cm
71713, 29.33 cm
71817, 29.33 cm
71921, 29.33 cm
72025, 29.33 cm
72129, 29.33 cm
72233, 29.33 cm
72337, 29.33 cm
72441, 29.33 cm
72545, 29.33 cm
72649, 29.83 cm
72753, 29.33 cm
72857, 29.33 cm
72961, 29.33 cm
73065, 29.33 cm
73169, 29.33 cm
73273, 29.33 cm
73377, 29.33 cm
73481, 29.33 cm
73585, 29.33 cm
73689, 29.33 cm
73793, 29.33 cm
73897, 29.33 cm
74001, 29.33 cm
74105, 29.33 cm
74209, 29.33 cm
74313, 29.33 cm
74417, 29.33 cm
74521, 29.33 cm
74625, 29.33 cm
74729, 29.33 cm
74833, 29.31 cm
74937, 29.33 cm
75041, 29.33 cm
75145, 29.33 cm
75249, 29.33 cm
75353, 29.33 cm
75457, 29.33 cm
75561, 29.33 cm
75665, 29.33 cm
75769, 29.33 cm
75873, 29.33 cm
75977, 29.33 cm
76081, 29.33 cm
76185, 29.33 cm
76289, 29.33 cm
76393, 29.33 cm
76497, 29.33 cm
76601, 29.33 cm
76705, 29.33 cm
76809, 29.33 cm
76913, 29.33 cm
77017, 29.33 cm
77121, 29.33 cm
77225, 29.33 cm
77329, 29.85 cm
77433, 29.85 cm
77537, 29.85 cm
77641, 29.85 cm
77745, 29.85 cm
77849, 29.85 cm
77953, 29.85 cm
78057, 29.85 cm
78161, 29.85 cm
78265, 29.85 cm
78369, 29.85 cm
78473, 29.85 cm
78577, 29.85 cm
78681, 29.83 cm
78785, 29.85 cm
78889, 29.85 cm
78993, 29.83 cm
79097, 29.85 cm
79201, 29.85 cm
79305, 29.85 cm
79409, 29.85 cm
79513, 29.85 cm
79617, 29.85 cm
79721, 29.85 cm
79825, 29.85 cm
79929, 29.85 cm
80033, 29.83 cm
80137, 29.85 cm
80241, 29.85 cm
80345, 29.85 cm
80449, 29.07 cm
80553, 29.85 cm
80657, 29.85 cm
80761, 29.85 cm
80865, 29.87 cm
80969, 29.87 cm
81073, 29.87 cm
81177, 29.85 cm
81281, 29.87 cm
81385, 29.87 cm
81489, 29.87 cm
81593, 29.87 cm
81697, 29.87 cm
81801, 29.87 cm
81905, 29.87 cm
82009, 29.87 cm
82113, 29.85 cm
82217, 29.87 cm
82321, 29.87 cm
82425, 29.87 cm
82529, 29.85 cm
82633, 29.87 cm
82737, 29.85 cm
82841, 29.87 cm
82945, 29.87 cm
83049, 29.87 cm
83153, 29.87 cm
83257, 29.87 cm
83361, 29.87 cm
83465, 29.87 cm
83569, 29.87 cm
83673, 29.87 cm
83777, 29.87 cm
83881, 29.87 cm
83985, 29.87 cm
84089, 29.87 cm
84193, 29.87 cm
84297, 29.85 cm
84401, 29.87 cm
84505, 29.87 cm
84609, 29.87 cm
84713, 29.87 cm
84817, 29.87 cm
84921, 29.87 cm
85025, 29.87 cm
85129, 29.87 cm
85233, 29.87 cm
85337, 29.87 cm
85441, 29.87 cm
85545, 29.87 cm
85649, 29.85 cm
85753, 29.87 cm
85857, 29.87 cm
85961, 29.87 cm
86065, 29.87 cm
86169, 29.87 cm
86273, 29.87 cm
86377, 29.85 cm
86481, 29.87 cm
86585, 29.87 cm
86689, 29.87 cm
86793, 29.87 cm
86897, 29.87 cm
87001, 29.87 cm
87105, 29.87 cm
87209, 29.87 cm
87313, 29.87 cm
87417, 29.87 cm
87521, 29.87 cm
87625, 29.85 cm
87729, 29.85 cm
87833, 29.87 cm
87937, 29.87 cm
88041, 29.87 cm
88145, 29.87 cm
88249, 29.87 cm
88353, 29.85 cm
88457, 29.87 cm
88561, 29.87 cm
88665, 29.87 cm
88769, 29.87 cm
88873, 29.87 cm
88977, 29.87 cm
89081, 29.85 cm
89185, 29.87 cm
89289, 29.87 cm
89393, 29.85 cm
89497, 29.87 cm
89601, 29.87 cm
89705, 29.85 cm
89809, 29.85 cm
89913, 29.87 cm
90017, 29.87 cm
90121, 29.87 cm
90225, 29.87 cm
90329, 29.85 cm
90433, 29.87 cm
90537, 29.87 cm
90641, 29.87 cm
90745, 29.87 cm
90849, 29.87 cm
90953, 29.07 cm
91057, 29.09 cm
91161, 29.87 cm
91265, 29.87 cm
91369, 29.87 cm
91473, 29.87 cm
91577, 29.87 cm
91681, 29.87 cm
91785, 29.87 cm
91889, 29.87 cm
91993, 29.87 cm
92097, 29.09 cm
92201, 29.87 cm
92305, 29.89 cm
92409, 29.87 cm
92513, 29.09 cm
92617, 29.09 cm
92721, 29.09 cm
92825, 29.09 cm
92929, 29.09 cm
93033, 29.87 cm
93137, 29.87 cm
93241, 29.87 cm
93345, 29.87 cm
93449, 29.87 cm
93553, 29.07 cm
93657, 29.07 cm
93761, 29.07 cm
93865, 29.07 cm
93969, 29.07 cm
94073, 29.07 cm
94177, 29.07 cm
94281, 29.07 cm
94385, 29.07 cm
94489, 29.07 cm
94593, 29.07 cm
94697, 29.07 cm
94801, 29.07 cm
94905, 29.85 cm
95009, 29.07 cm
95113, 29.85 cm
95217, 29.85 cm
95321, 29.07 cm
95425, 29.07 cm
95529, 29.85 cm
95633, 29.83 cm
95737, 29.85 cm
95841, 29.85 cm
95945, 29.85 cm
96049, 29.07 cm
96153, 29.07 cm
96257, 29.85 cm
96361, 29.85 cm
96465, 29.05 cm
96569, 29.85 cm
96673, 29.85 cm
96777, 29.07 cm
96881, 29.83 cm
96985, 29.83 cm
97089, 29.83 cm
97193, 29.07 cm
97297, 29.85 cm
97401, 29.85 cm
97505, 29.85 cm
97609, 29.85 cm
97713, 29.85 cm
97817, 29.85 cm
97921, 29.83 cm
98025, 29.83 cm
98129, 29.83 cm
98233, 29.85 cm
98337, 29.83 cm
98441, 29.85 cm
98545, 29.85 cm
98649, 29.83 cm
98753, 29.83 cm
98857, 29.07 cm
98961, 29.07 cm
99065, 29.07 cm
99169, 29.07 cm
99273, 29.07 cm
99377, 29.07 cm
99481, 29.07 cm
99585, 29.07 cm
99689, 30.36 cm
99793, 30.36 cm
99897, 30.36 cm
100001, 30.36 cm
100105, 30.36 cm
100209, 30.36 cm
100313, 29.85 cm
100417, 30.36 cm
100521, 29.85 cm
100625, 30.36 cm
100729, 30.38 cm
100833, 30.36 cm
100937, 30.38 cm
101041, 30.36 cm
101145, 30.36 cm
101249, 30.36 cm
101353, 31.14 cm
101457, 30.36 cm
101561, 31.14 cm
101665, 31.14 cm
101769, 31.14 cm
101873, 31.14 cm
101977, 31.14 cm
102081, 31.16 cm
102185, 31.14 cm
102289, 31.14 cm
102393, 31.14 cm
102497, 31.14 cm
102601, 31.14 cm
102705, 31.14 cm
102809, 31.14 cm
102913, 31.14 cm
103017, 31.14 cm
103121, 31.14 cm
103225, 31.14 cm
103329, 31.16 cm
103433, 31.14 cm
103537, 31.16 cm
103641, 31.16 cm
103745, 31.14 cm
103849, 31.14 cm
103953, 31.16 cm
104057, 31.16 cm
104161, 31.14 cm
104265, 31.16 cm
104369, 31.14 cm
104473, 31.14 cm
104577, 31.16 cm
104681, 31.14 cm
104785, 31.14 cm
104889, 31.14 cm
104993, 31.14 cm
105097, 31.14 cm
105201, 31.14 cm
105305, 31.16 cm
105409, 31.14 cm
105513, 31.16 cm
105617, 31.16 cm
105721, 31.14 cm
105825, 31.16 cm
105929, 31.16 cm
106033, 31.16 cm
106137, 31.14 cm
106241, 31.14 cm
106345, 31.14 cm
106449, 31.16 cm
106553, 31.14 cm
106657, 31.14 cm
106761, 31.14 cm
106865, 31.14 cm
106969, 31.14 cm
107073, 31.14 cm
107177, 31.14 cm
107281, 31.14 cm
107385, 31.14 cm
107489, 31.14 cm
107593, 31.16 cm
107697, 31.14 cm
107801, 31.16 cm
107905, 31.14 cm
108009, 31.14 cm
108113, 31.14 cm
108217, 31.14 cm
108321, 30.63 cm
108425, 31.14 cm
108529, 31.67 cm
108633, 31.14 cm
108737, 31.16 cm
108841, 31.16 cm
108945, 31.14 cm
109049, 31.16 cm
109153, 31.14 cm
109257, 31.16 cm
109361, 31.67 cm
109465, 31.67 cm
109569, 31.16 cm
109673, 31.16 cm
109777, 30.63 cm
109881, 30.12 cm
109985, 30.12 cm
110089, 30.11 cm
110193, 30.38 cm
110297, 30.63 cm
110401, 31.14 cm
110505, 30.63 cm
110609, 30.63 cm
110713, 30.63 cm
110817, 31.14 cm
110921, 31.14 cm
111025, 29.85 cm
111129, 30.63 cm
111233, 30.63 cm
111337, 30.62 cm
111441, 30.63 cm
111545, 30.63 cm
111649, 30.63 cm
111753, 30.63 cm
111857, 30.63 cm
111961, 30.63 cm
112065, 29.85 cm
112169, 29.85 cm
112273, 29.85 cm
112377, 31.16 cm
112481, 31.16 cm
112585, 31.14 cm
112689, 31.16 cm
112793, 31.16 cm
112897, 30.63 cm
113001, 31.14 cm
113105, 31.14 cm
113209, 31.16 cm
113313, 31.14 cm
113417, 31.14 cm
113521, 31.16 cm
113625, 31.16 cm
113729, 31.14 cm
113833, 31.16 cm
113937, 31.14 cm
114041, 31.14 cm
114145, 31.93 cm
114249, 31.93 cm
114353, 31.93 cm
114457, 31.93 cm
114561, 31.93 cm
114665, 31.93 cm
114769, 31.93 cm
114873, 31.93 cm
114979, 63.78 cm
115085, 63.80 cm
115191, 63.80 cm
115297, 63.36 cm
115403, 63.80 cm
115509, 63.78 cm
115615, 64.23 cm
115721, 63.80 cm
115827, 62.95 cm
115933, 63.38 cm
116039, 62.95 cm
116145, 63.80 cm
116251, 63.80 cm
116357, 63.78 cm
116463, 63.80 cm
116569, 64.21 cm
116675, 64.21 cm
116781, 63.80 cm
116887, 63.80 cm
116993, 63.80 cm
117099, 63.38 cm
117205, 64.23 cm
117311, 64.21 cm
117417, 64.65 cm
117523, 64.63 cm
117629, 64.63 cm
117735, 64.63 cm
117841, 65.06 cm
117947, 65.06 cm
118053, 65.06 cm
118159, 65.48 cm
118265, 65.64 cm
118371, 65.62 cm
118477, 65.21 cm
118583, 62.68 cm
118689, 62.68 cm
118795, 61.83 cm
118901, 61.81 cm
119007, 61.83 cm
119113, 61.81 cm
119219, 61.83 cm
119325, 61.81 cm
119431, 61.83 cm
119537, 61.83 cm
119643, 61.81 cm
119747, 32.45 cm
119851, 32.45 cm
119955, 32.45 cm
120061, 61.81 cm
120167, 61.83 cm
120273, 61.83 cm
120379, 61.85 cm
120483, 31.67 cm
120587, 31.67 cm
120691, 31.67 cm
120795, 31.67 cm
120899, 31.67 cm
121003, 31.67 cm
121107, 31.67 cm
121211, 31.67 cm
121315, 31.67 cm
121419, 31.67 cm
121523, 31.67 cm
121627, 31.67 cm
121731, 31.67 cm
121835, 31.67 cm
121939, 31.67 cm
122043, 31.67 cm
122147, 31.67 cm
122253, 62.25 cm
122359, 62.66 cm
122465, 62.68 cm
122569, 31.67 cm
122673, 31.67 cm
122777, 31.67 cm
122881, 31.67 cm
122985, 31.67 cm
123089, 31.67 cm
123193, 31.67 cm
123297, 31.67 cm
123403, 61.83 cm
123508, 42.76 cm
123613, 42.76 cm
123717, 31.67 cm
123821, 31.67 cm
123925, 31.67 cm
124029, 31.65 cm
124133, 31.67 cm
124237, 31.69 cm
124341, 31.67 cm
124445, 31.67 cm
124550, 37.21 cm
124655, 61.81 cm
124759, 31.67 cm
124863, 31.67 cm
124967, 31.67 cm
125071, 31.67 cm
125175, 31.67 cm
125279, 31.67 cm
125383, 31.67 cm
125487, 31.69 cm
125591, 31.67 cm
125695, 31.67 cm
125799, 31.67 cm
125903, 31.67 cm
126007, 31.67 cm
126111, 31.67 cm
126215, 31.67 cm
126319, 31.67 cm
126423, 31.67 cm
126527, 31.67 cm
126631, 31.67 cm
126735, 31.67 cm
126839, 31.69 cm
126943, 31.67 cm
127047, 31.67 cm
127151, 31.67 cm
127255, 31.67 cm
127359, 31.69 cm
127463, 31.67 cm
127567, 31.67 cm
127671, 31.67 cm
127775, 31.67 cm
127879, 31.67 cm
127983, 31.67 cm
128087, 31.67 cm
128191, 31.67 cm
128295, 31.67 cm
128399, 31.67 cm
128503, 31.67 cm
128607, 31.67 cm
128711, 31.67 cm
128815, 31.67 cm
128919, 31.67 cm
129023, 31.67 cm
129128, 38.83 cm
129232, 38.83 cm
129335, 31.67 cm
129439, 31.67 cm
129543, 31.69 cm
129647, 31.67 cm
129751, 31.67 cm
129857, 62.66 cm
129961, 31.67 cm
130065, 31.67 cm
130170, 44.56 cm
130275, 44.15 cm
130379, 31.67 cm
130484, 43.74 cm
130589, 44.15 cm
130694, 44.15 cm
130799, 44.15 cm
130904, 44.15 cm
131009, 44.13 cm
131114, 44.15 cm
131220, 62.24 cm
131326, 62.25 cm
131432, 62.24 cm
131538, 63.09 cm
131644, 62.66 cm
131750, 62.66 cm
131856, 62.66 cm
131962, 63.10 cm
132068, 62.66 cm
132174, 62.66 cm
132280, 63.09 cm
132386, 62.65 cm
132492, 63.09 cm
132598, 63.09 cm
132704, 63.09 cm
132810, 63.09 cm
132915, 38.37 cm
133018, 35.84 cm
133123, 37.45 cm
133227, 37.43 cm
133331, 37.45 cm
133435, 37.45 cm
133539, 37.45 cm
133643, 37.45 cm
133747, 37.45 cm
133850, 31.14 cm
133954, 31.16 cm
134058, 31.16 cm
134162, 31.16 cm
134266, 31.14 cm
134370, 31.16 cm
134474, 33.24 cm
134578, 31.94 cm
134682, 31.93 cm
134786, 31.93 cm
134890, 33.24 cm
134994, 31.14 cm
135098, 31.16 cm
135202, 31.93 cm
135306, 31.93 cm
135410, 31.93 cm
135514, 31.93 cm
135618, 31.93 cm
135722, 31.14 cm
135826, 31.14 cm
135930, 31.16 cm
136034, 31.16 cm
136138, 31.14 cm
136242, 31.16 cm
136346, 31.16 cm
136450, 31.16 cm
136554, 31.14 cm
136658, 31.14 cm
136762, 31.14 cm
136866, 31.14 cm
136970, 31.14 cm
137074, 31.14 cm
137178, 31.16 cm
137282, 31.14 cm
137386, 31.16 cm
137490, 31.14 cm
137594, 31.16 cm
137698, 31.16 cm
137802, 31.14 cm
137906, 31.16 cm
138010, 31.16 cm
138114, 31.14 cm
138218, 31.16 cm
138322, 31.14 cm
138426, 31.14 cm
138530, 31.16 cm
138634, 31.16 cm
138738, 31.16 cm
138842, 31.14 cm
138946, 31.16 cm
139050, 31.14 cm
139154, 31.16 cm
139258, 31.16 cm
139362, 31.14 cm
139466, 31.16 cm
139570, 31.14 cm
139674, 31.14 cm
139778, 31.16 cm
139882, 31.16 cm
139986, 31.16 cm
140090, 31.14 cm
140194, 31.14 cm
140298, 31.16 cm
140402, 31.16 cm
140506, 31.16 cm
140610, 31.16 cm
140714, 31.14 cm
140818, 32.44 cm
140922, 32.45 cm
141026, 32.45 cm
141130, 32.45 cm
141234, 32.45 cm
141338, 35.84 cm
141442, 35.84 cm
141546, 35.84 cm
141650, 35.84 cm
141754, 35.84 cm
141860, 57.88 cm
141965, 57.02 cm
142070, 57.46 cm
142175, 57.46 cm
142280, 57.88 cm
142385, 63.09 cm
142490, 42.76 cm
142595, 42.74 cm
142699, 36.06 cm
142803, 36.07 cm
142907, 36.07 cm
143012, 40.22 cm
143115, 36.06 cm
143219, 36.06 cm
143323, 36.06 cm
143427, 36.07 cm
143531, 36.06 cm
143635, 36.07 cm
143739, 36.06 cm
143843, 36.06 cm
143947, 36.07 cm
144051, 36.07 cm
144155, 36.07 cm
144259, 36.53 cm
144363, 36.52 cm
144468, 36.99 cm
144572, 36.99 cm
144676, 36.99 cm
144780, 36.99 cm
144883, 33.24 cm
144987, 33.24 cm
145091, 33.24 cm
145196, 37.91 cm
145299, 34.53 cm
145403, 34.54 cm
145507, 32.45 cm
145611, 34.54 cm
145715, 32.45 cm
145819, 32.45 cm
145923, 32.45 cm
173981, 30.11 cm
174085, 30.11 cm
174189, 30.11 cm
174293, 30.11 cm
174397, 30.11 cm
174501, 30.11 cm
174605, 30.11 cm
174709, 29.60 cm
174813, 30.11 cm
174917, 30.11 cm
175021, 29.60 cm
175125, 30.11 cm
175229, 30.11 cm
175333, 30.11 cm
175437, 30.11 cm
175541, 30.11 cm
175645, 29.33 cm
175749, 29.33 cm
175853, 30.11 cm
175957, 30.12 cm
176061, 30.11 cm
176165, 30.11 cm
176269, 30.12 cm
176373, 30.11 cm
176477, 30.12 cm
176581, 30.11 cm
176685, 30.11 cm
176789, 30.12 cm
176893, 30.11 cm
176997, 30.11 cm
177101, 30.11 cm
177205, 30.11 cm
177309, 30.11 cm
177413, 30.12 cm
177517, 29.33 cm
177621, 29.33 cm
177725, 30.12 cm
177829, 29.33 cm
177933, 30.11 cm
178037, 30.11 cm
178141, 30.11 cm
178245, 30.11 cm
178349, 30.11 cm
178453, 30.11 cm
178557, 30.63 cm
178661, 30.11 cm
178765, 30.12 cm
178869, 30.63 cm
178973, 30.12 cm
179077, 30.11 cm
179181, 30.11 cm
179285, 30.11 cm
179389, 30.11 cm
179493, 30.11 cm
179597, 30.11 cm
179701, 30.12 cm
179805, 30.12 cm
179909, 30.11 cm
180013, 30.11 cm
180117, 30.11 cm
180221, 30.12 cm
180325, 30.11 cm
180429, 30.12 cm
180533, 30.11 cm
180637, 30.11 cm
180741, 30.11 cm
180845, 30.11 cm
180949, 30.11 cm
181053, 30.12 cm
181157, 30.11 cm
181261, 30.11 cm
181365, 30.11 cm
181469, 30.11 cm
181573, 30.11 cm
181677, 30.12 cm
181781, 29.33 cm
181885, 30.11 cm
181989, 29.33 cm
182093, 29.33 cm
182197, 30.11 cm
182301, 29.34 cm
182405, 29.34 cm
182509, 29.33 cm
182613, 29.33 cm
182717, 29.33 cm
182821, 30.11 cm
182925, 30.11 cm
183029, 30.11 cm
183133, 30.11 cm
183237, 30.11 cm
183341, 29.33 cm
183445, 30.12 cm
183549, 29.33 cm
183653, 29.31 cm
183757, 29.33 cm
183861, 29.33 cm
183965, 29.33 cm
184069, 29.33 cm
184173, 29.33 cm
184277, 29.33 cm
184381, 29.33 cm
184485, 29.33 cm
184589, 29.33 cm
184693, 29.33 cm
184797, 29.34 cm
184901, 29.33 cm
185005, 29.33 cm
185109, 29.33 cm
185213, 29.33 cm
185317, 30.62 cm
185421, 29.33 cm
185525, 29.34 cm
185629, 29.33 cm
185733, 29.33 cm
185837, 29.33 cm
185941, 29.33 cm
186045, 29.33 cm
186149, 29.33 cm
186253, 29.33 cm
186357, 29.33 cm
186461, 29.33 cm
186565, 29.33 cm
186669, 29.33 cm
186773, 29.34 cm
186877, 29.33 cm
186981, 30.63 cm
187085, 29.33 cm
187189, 29.33 cm
187293, 30.63 cm
187397, 29.83 cm
187501, 30.63 cm
187605, 30.62 cm
187709, 29.33 cm
187813, 29.33 cm
187917, 29.33 cm
188021, 29.33 cm
188125, 29.33 cm
188229, 29.33 cm
188333, 29.85 cm
188437, 29.33 cm
188541, 29.34 cm
188645, 29.34 cm
188749, 29.34 cm
188853, 29.34 cm
188957, 29.34 cm
189061, 29.34 cm
189165, 29.34 cm
189269, 29.34 cm
189373, 29.34 cm
189477, 29.34 cm
189581, 29.34 cm
189685, 29.34 cm
189789, 29.34 cm
189893, 29.34 cm
189997, 29.34 cm
190101, 29.34 cm
190205, 29.34 cm
190309, 29.34 cm
190413, 29.34 cm
190517, 29.34 cm
190621, 29.34 cm
190725, 29.34 cm
190829, 29.34 cm
190933, 29.34 cm
191037, 29.34 cm
191141, 29.33 cm
191245, 29.33 cm
191349, 29.33 cm
191453, 29.33 cm
191557, 29.33 cm
191661, 29.33 cm
191765, 29.33 cm
191869, 29.33 cm
191973, 29.33 cm
192077, 29.33 cm
192181, 29.33 cm
192285, 29.33 cm
192389, 29.33 cm
192493, 29.33 cm
192597, 29.33 cm
192701, 29.33 cm
192805, 29.33 cm
192909, 29.33 cm
193013, 29.33 cm
193117, 29.33 cm
193221, 29.33 cm
193325, 29.33 cm
193429, 29.33 cm
193533, 29.33 cm
193637, 29.33 cm
193741, 29.33 cm
193845, 29.33 cm
193949, 29.33 cm
194053, 29.33 cm
194157, 29.33 cm
194262, 29.33 cm
194366, 29.33 cm
194470, 29.33 cm
194574, 29.33 cm
194678, 29.33 cm
194782, 29.33 cm
194886, 29.33 cm
194990, 29.33 cm
195094, 29.33 cm
195198, 29.33 cm
195302, 29.33 cm
195406, 29.33 cm
195510, 29.33 cm
195614, 29.33 cm
195718, 29.33 cm
195822, 29.33 cm
195926, 30.63 cm
196030, 30.63 cm
196134, 30.63 cm
196238, 29.85 cm
196342, 30.63 cm
196446, 30.63 cm
196550, 30.63 cm
196654, 30.63 cm
196758, 30.63 cm
196862, 30.62 cm
196966, 30.63 cm
197070, 30.63 cm
197174, 30.63 cm
197278, 30.63 cm
197382, 30.63 cm
197486, 29.85 cm
197590, 29.83 cm
197694, 30.63 cm
197798, 30.63 cm
197902, 30.63 cm
198006, 30.63 cm
198110, 30.63 cm
198214, 30.63 cm
198318, 29.85 cm
198422, 29.85 cm
198526, 29.85 cm
198630, 30.63 cm
198734, 30.63 cm
198838, 29.33 cm
198942, 29.33 cm
199046, 29.34 cm
199150, 29.33 cm
199254, 29.33 cm
199358, 30.62 cm
199462, 30.63 cm
199566, 29.83 cm
199670, 30.63 cm
199774, 30.62 cm
199878, 29.33 cm
199982, 29.33 cm
200086, 29.85 cm
200190, 29.85 cm
200294, 29.85 cm
200398, 29.85 cm
200502, 29.83 cm
200606, 29.83 cm
200710, 29.83 cm
200814, 29.83 cm
200918, 29.31 cm
201022, 29.33 cm
201126, 29.33 cm
201230, 29.33 cm
201334, 29.33 cm
201438, 29.33 cm
201542, 29.83 cm
201646, 29.33 cm
201750, 29.83 cm
201854, 29.33 cm
201958, 29.33 cm
202062, 29.33 cm
202166, 29.33 cm
202270, 29.33 cm
202374, 29.33 cm
202478, 29.33 cm
202582, 29.33 cm
202686, 29.33 cm
202790, 29.33 cm
202894, 29.33 cm
202998, 29.33 cm
203102, 29.33 cm
203206, 29.33 cm
203310, 29.33 cm
203414, 29.33 cm
203518, 29.33 cm
203622, 29.33 cm
203726, 29.33 cm
203830, 29.33 cm
203934, 29.33 cm
204038, 29.33 cm
204142, 30.12 cm
204246, 30.11 cm
204350, 30.11 cm
204454, 30.11 cm
204558, 30.11 cm
204662, 30.11 cm
204766, 30.11 cm
204870, 30.11 cm
204974, 30.11 cm
205078, 30.11 cm
205182, 30.63 cm
205286, 30.63 cm
205390, 30.63 cm
205494, 30.63 cm
205598, 30.63 cm
205702, 30.62 cm
205806, 30.62 cm
205910, 30.63 cm
206014, 30.63 cm
206118, 30.63 cm
206222, 30.63 cm
206326, 30.63 cm
206430, 30.63 cm
206534, 30.63 cm
206638, 30.63 cm
206742, 30.63 cm
206846, 30.62 cm
206950, 30.63 cm
207054, 30.63 cm
207158, 30.63 cm
207262, 30.62 cm
207366, 30.62 cm
207470, 30.62 cm
207574, 30.62 cm
207678, 36.29 cm
207782, 30.62 cm
207886, 36.29 cm
207990, 36.29 cm
208094, 36.29 cm
208198, 36.29 cm
208302, 36.29 cm
208406, 36.29 cm
208510, 36.29 cm
208614, 36.29 cm
208718, 36.28 cm
208822, 36.29 cm
208926, 36.29 cm
209030, 36.29 cm
209134, 36.28 cm
209238, 36.74 cm
209342, 36.28 cm
209446, 36.29 cm
209550, 36.29 cm
209654, 36.29 cm
209758, 36.29 cm
209862, 36.29 cm
209966, 36.29 cm
210071, 37.89 cm
210175, 37.89 cm
210279, 37.91 cm
210383, 37.89 cm
210487, 37.45 cm
210591, 36.97 cm
210694, 36.06 cm
210798, 36.07 cm
210902, 36.06 cm
211006, 34.78 cm
211110, 34.78 cm
211214, 34.80 cm
211318, 34.80 cm
211422, 34.78 cm
211526, 34.80 cm
211630, 34.80 cm
211734, 34.78 cm
211838, 34.80 cm
211942, 34.80 cm
212046, 35.56 cm
212150, 35.56 cm
212254, 34.27 cm
212358, 34.27 cm
212463, 37.21 cm
212567, 37.21 cm
212671, 37.21 cm
212774, 36.75 cm
212878, 36.75 cm
212982, 36.29 cm
213086, 35.84 cm
213190, 35.84 cm
213294, 34.53 cm
213398, 34.53 cm
213502, 34.53 cm
213606, 34.53 cm
213710, 34.53 cm
213814, 34.53 cm
213918, 33.74 cm
214022, 34.54 cm
214126, 34.53 cm
214230, 33.74 cm
214334, 33.74 cm
214438, 33.74 cm
214542, 33.74 cm
214646, 33.74 cm
214750, 33.74 cm
214854, 33.74 cm
214958, 33.74 cm
215062, 34.53 cm
215166, 34.53 cm
215270, 34.53 cm
215374, 34.53 cm
215478, 35.84 cm
215582, 35.82 cm
215686, 35.84 cm
215790, 35.84 cm
215894, 35.82 cm
215998, 35.82 cm
216102, 36.28 cm
216206, 36.75 cm
216310, 36.74 cm
216415, 37.21 cm
216519, 37.21 cm
216623, 37.21 cm
216727, 37.21 cm
216832, 56.32 cm
216937, 56.32 cm
217040, 30.89 cm
217144, 30.87 cm
217248, 30.89 cm
217352, 30.89 cm
217456, 30.89 cm
217560, 30.87 cm
217664, 30.89 cm
217768, 30.89 cm
217872, 30.89 cm
217976, 30.89 cm
218080, 30.87 cm
218184, 30.89 cm
218288, 31.40 cm
218392, 31.42 cm
218496, 30.89 cm
218600, 31.40 cm
218704, 31.42 cm
218808, 31.40 cm
218912, 31.40 cm
219016, 31.40 cm
219120, 31.40 cm
219224, 31.42 cm
219328, 31.42 cm
219432, 31.42 cm
219536, 31.40 cm
219640, 31.40 cm
219744, 31.42 cm
219848, 31.40 cm
219952, 30.63 cm
220056, 30.63 cm
220160, 30.63 cm
220264, 30.62 cm
220368, 30.62 cm
220472, 30.63 cm
220576, 30.63 cm
220680, 30.62 cm
220784, 30.63 cm
220888, 30.63 cm
220992, 30.63 cm
221096, 30.63 cm
221200, 31.93 cm
221304, 31.93 cm
221408, 31.93 cm
221512, 31.93 cm
221616, 31.93 cm
221720, 31.93 cm
221824, 31.93 cm
221928, 31.93 cm
222032, 31.93 cm
222136, 31.93 cm
222240, 31.93 cm
222344, 31.94 cm
222448, 31.93 cm
222552, 31.93 cm
222656, 31.93 cm
222760, 31.94 cm
222864, 31.91 cm
222968, 31.93 cm
223072, 31.93 cm
223176, 31.93 cm
223280, 34.02 cm
223384, 32.71 cm
223488, 32.71 cm
223592, 32.71 cm
223696, 32.71 cm
223800, 32.71 cm
223904, 34.00 cm
224008, 32.71 cm
224112, 32.71 cm
224216, 34.00 cm
224320, 34.00 cm
224424, 32.71 cm
224528, 34.00 cm
224632, 36.06 cm
224736, 36.06 cm
224840, 34.80 cm
224944, 36.06 cm
225048, 36.06 cm
225152, 36.06 cm
225256, 36.06 cm
225360, 36.06 cm
225464, 36.06 cm
225568, 36.06 cm
225672, 36.06 cm
225777, 37.67 cm
225881, 37.67 cm
225985, 37.67 cm
226089, 37.67 cm
226193, 37.21 cm
226297, 37.67 cm
226400, 36.06 cm
226504, 36.06 cm
226608, 36.06 cm
226712, 36.06 cm
226816, 36.06 cm
226920, 36.06 cm
227024, 36.06 cm
227128, 36.06 cm
227234, 62.49 cm
227340, 62.93 cm
227446, 62.37 cm
227552, 62.93 cm
227658, 62.93 cm
227763, 38.37 cm
227867, 38.35 cm
227971, 37.91 cm
228075, 37.89 cm
228179, 37.91 cm
228283, 37.91 cm
228387, 37.91 cm
228491, 38.37 cm
228595, 38.37 cm
228699, 38.81 cm
228803, 38.37 cm
228907, 38.35 cm
229011, 38.81 cm
229115, 41.36 cm
229219, 41.36 cm
229324, 56.46 cm
229429, 60.55 cm
229535, 63.78 cm
229641, 60.98 cm
229747, 63.78 cm
229853, 63.78 cm
229959, 64.75 cm
230065, 63.92 cm
230171, 63.92 cm
230275, 35.84 cm
230379, 35.82 cm
230483, 31.67 cm
230587, 31.69 cm
230691, 31.67 cm
230795, 31.67 cm
230899, 31.67 cm
231003, 31.67 cm
231107, 31.67 cm
231211, 31.67 cm
231315, 31.67 cm
231419, 31.67 cm
231523, 31.67 cm
231627, 31.67 cm
231731, 31.67 cm
231835, 32.20 cm
231939, 32.20 cm
232043, 32.18 cm
232147, 32.18 cm
232251, 32.18 cm
232355, 32.18 cm
232459, 32.20 cm
232563, 32.20 cm
232667, 32.18 cm
232771, 32.20 cm
232875, 32.18 cm
232979, 32.20 cm
233083, 32.18 cm
233187, 32.20 cm
233291, 32.96 cm
233395, 31.67 cm
233499, 31.67 cm
233603, 31.67 cm
233707, 31.67 cm
233811, 31.67 cm
233915, 31.67 cm
234019, 31.67 cm
234123, 31.67 cm
234227, 32.45 cm
234331, 32.45 cm
234435, 32.44 cm
234539, 32.45 cm
234643, 32.45 cm
234747, 31.16 cm
234851, 31.16 cm
234955, 31.14 cm
235059, 31.16 cm
235163, 31.14 cm
235269, 64.77 cm
235373, 31.93 cm
235477, 31.93 cm
235581, 31.93 cm
235685, 31.93 cm
235789, 31.93 cm
235893, 31.93 cm
235997, 31.93 cm
236101, 31.93 cm
236205, 31.94 cm
236309, 31.93 cm
236413, 31.93 cm
236517, 31.93 cm
236621, 31.93 cm
236725, 31.93 cm
236829, 31.93 cm
236933, 31.93 cm
237037, 31.93 cm
237141, 31.93 cm
237245, 31.93 cm
237349, 31.93 cm
237453, 31.93 cm
237557, 31.93 cm
237661, 31.93 cm
237765, 31.93 cm
237869, 31.93 cm
237973, 31.93 cm
238077, 31.93 cm
238181, 31.93 cm
238285, 31.93 cm
238389, 30.63 cm
238493, 31.93 cm
238597, 30.62 cm
238701, 30.63 cm
238805, 30.62 cm
238909, 30.63 cm
239013, 30.63 cm
239117, 30.63 cm
239221, 30.62 cm
239325, 31.40 cm
239429, 31.42 cm
239533, 31.40 cm
239637, 31.40 cm
239741, 30.63 cm
239845, 30.63 cm
239949, 31.42 cm
240053, 31.40 cm
240157, 31.40 cm
240261, 31.42 cm
240365, 31.42 cm
240469, 31.40 cm
240573, 31.40 cm
240677, 31.40 cm
240781, 31.40 cm
240885, 31.40 cm
240989, 31.40 cm
241093, 31.40 cm
241197, 31.42 cm
241301, 30.62 cm
241405, 31.42 cm
241509, 30.62 cm
241613, 30.62 cm
241717, 30.62 cm
241821, 30.62 cm
241925, 30.63 cm
242029, 30.63 cm
242133, 30.63 cm
242237, 30.62 cm
242341, 30.63 cm
242445, 30.63 cm
242549, 30.62 cm
242653, 30.63 cm
242757, 30.63 cm
242861, 30.63 cm
242965, 30.63 cm
243069, 30.63 cm
243173, 30.63 cm
243277, 30.63 cm
243381, 30.63 cm
243485, 30.63 cm
243589, 30.63 cm
243693, 30.63 cm
243797, 30.63 cm
243901, 30.62 cm
244005, 31.14 cm
244109, 31.16 cm
244213, 31.14 cm
244317, 31.14 cm
244421, 31.16 cm
244525, 31.14 cm
244629, 31.14 cm
244733, 31.14 cm
244837, 31.14 cm
244941, 31.16 cm
245045, 31.14 cm
245149, 31.16 cm
245253, 31.14 cm
245357, 31.14 cm
245461, 31.16 cm
245565, 31.14 cm
245669, 31.14 cm
245773, 31.14 cm
245877, 31.14 cm
245981, 31.14 cm
246085, 31.14 cm
246189, 31.14 cm
246293, 31.13 cm
246397, 31.14 cm
246501, 30.63 cm
246605, 30.63 cm
246709, 30.62 cm
246813, 30.63 cm
246917, 30.62 cm
247021, 30.63 cm
247125, 31.93 cm
247229, 30.63 cm
247333, 30.62 cm
247437, 30.63 cm
247541, 30.62 cm
247645, 30.63 cm
247749, 30.63 cm
247853, 30.63 cm
247957, 30.63 cm
248061, 30.63 cm
248165, 30.62 cm
248269, 30.62 cm
248373, 30.62 cm
248477, 30.62 cm
248581, 30.63 cm
248685, 30.63 cm
248789, 30.62 cm
248893, 30.62 cm
248997, 30.62 cm
249101, 30.63 cm
249205, 30.62 cm
249309, 30.62 cm
249413, 30.62 cm
249517, 30.63 cm
249621, 30.62 cm
249725, 30.63 cm
249829, 30.63 cm
249933, 30.62 cm
250037, 30.62 cm
250141, 30.62 cm
250245, 30.62 cm
250349, 31.93 cm
250453, 31.14 cm
250557, 31.14 cm
250661, 31.14 cm
250765, 31.14 cm
250869, 31.14 cm
250973, 31.14 cm
251077, 31.14 cm
251181, 31.14 cm
251285, 31.14 cm
251389, 31.14 cm
251493, 31.14 cm
251597, 31.14 cm
251701, 31.14 cm
251805, 31.14 cm
251909, 31.14 cm
252013, 31.14 cm
252117, 31.14 cm
252221, 31.14 cm
252325, 31.14 cm
252429, 31.14 cm
252533, 31.14 cm
252637, 31.14 cm
252741, 31.14 cm
252845, 31.14 cm
252949, 31.14 cm
253053, 31.14 cm
253157, 31.13 cm
253261, 31.14 cm
253365, 31.14 cm
253469, 31.14 cm
253573, 31.14 cm
253677, 31.14 cm
253781, 31.14 cm
253885, 31.14 cm
253989, 31.14 cm
254093, 31.14 cm
254197, 31.14 cm
254301, 31.14 cm
254405, 31.14 cm
254509, 31.14 cm
254613, 31.14 cm
254717, 31.14 cm
254821, 31.14 cm
254925, 31.13 cm
255029, 31.14 cm
255133, 31.14 cm
255237, 31.14 cm
255341, 31.14 cm
255445, 31.14 cm
255549, 31.14 cm
255653, 31.14 cm
255757, 31.14 cm
255861, 31.14 cm
255965, 31.14 cm
256069, 31.14 cm
256173, 31.14 cm
256277, 31.14 cm
256381, 31.14 cm
256485, 31.14 cm
256589, 31.14 cm
256693, 31.14 cm
256797, 31.14 cm
256901, 31.14 cm
257005, 31.14 cm
257109, 31.14 cm
257213, 31.14 cm
257317, 31.14 cm
257421, 31.14 cm
257525, 31.14 cm
257629, 31.14 cm
257733, 31.14 cm
257837, 31.14 cm
257941, 31.14 cm
258045, 31.14 cm
258149, 31.14 cm
258253, 31.14 cm
258357, 31.14 cm
258461, 31.14 cm
258565, 31.14 cm
258669, 31.14 cm
258773, 31.14 cm
258877, 31.14 cm
258981, 31.14 cm
259085, 31.14 cm
259189, 32.45 cm
259293, 32.44 cm
259397, 32.44 cm
259501, 32.44 cm
259605, 32.44 cm
259709, 32.44 cm
259813, 32.44 cm
259917, 32.44 cm
260021, 32.44 cm
260125, 32.44 cm
260229, 32.45 cm
260333, 32.44 cm
260437, 32.44 cm
260541, 32.44 cm
260645, 32.44 cm
260749, 32.44 cm
260853, 32.44 cm
260957, 32.44 cm
261061, 32.44 cm
261165, 32.45 cm
261269, 31.65 cm
261373, 31.65 cm
261477, 31.65 cm
261581, 31.67 cm
261685, 31.65 cm
261789, 31.65 cm
261893, 31.65 cm
261997, 31.65 cm
262101, 31.67 cm
262205, 31.67 cm
262309, 31.67 cm
262413, 31.67 cm
262517, 31.67 cm
262621, 31.67 cm
262725, 31.65 cm
262829, 31.67 cm
262933, 31.67 cm
263037, 31.67 cm
263141, 31.65 cm
263245, 31.67 cm
263349, 31.65 cm
263453, 31.67 cm
263557, 31.67 cm
263661, 31.67 cm
263765, 31.67 cm
263869, 30.87 cm
263973, 30.89 cm
264077, 30.87 cm
264181, 30.87 cm
264285, 30.87 cm
264389, 30.89 cm
264493, 30.89 cm
264597, 30.89 cm
264701, 30.89 cm
264805, 30.87 cm
264909, 30.87 cm
265013, 30.87 cm
265117, 30.89 cm
265221, 30.87 cm
265325, 30.87 cm
265429, 30.36 cm
265533, 30.87 cm
265637, 30.36 cm
265741, 30.89 cm
265845, 30.89 cm
265949, 30.87 cm
266053, 30.87 cm
266157, 30.89 cm
266261, 30.89 cm
266365, 30.87 cm
266469, 30.89 cm
266573, 30.87 cm
266677, 30.87 cm
266781, 30.89 cm
266885, 30.87 cm
266989, 30.89 cm
267093, 30.89 cm
267197, 30.89 cm
267301, 30.87 cm
267405, 30.89 cm
267509, 30.89 cm
267613, 30.89 cm
267717, 30.89 cm
267821, 30.87 cm
267925, 29.60 cm
268029, 29.58 cm
268133, 29.60 cm
268237, 29.58 cm
268341, 29.58 cm
268445, 29.58 cm
268549, 29.58 cm
268653, 29.58 cm
268757, 29.58 cm
268861, 29.58 cm
268965, 29.60 cm
269069, 29.58 cm
269173, 29.58 cm
269277, 29.58 cm
269381, 29.60 cm
269485, 29.58 cm
269589, 29.60 cm
269693, 29.58 cm
269797, 29.58 cm
269901, 29.58 cm
270005, 29.58 cm
270109, 29.58 cm
270213, 29.60 cm
270317, 29.58 cm
270421, 29.60 cm
270525, 29.60 cm
270629, 29.58 cm
270733, 29.58 cm
270837, 29.58 cm
270941, 29.58 cm
271045, 29.60 cm
271149, 29.58 cm
271253, 29.58 cm
271357, 29.58 cm
271461, 29.58 cm
271565, 29.58 cm
271669, 29.58 cm
271773, 29.58 cm
271877, 29.58 cm
271981, 29.58 cm
272085, 29.58 cm
272189, 30.36 cm
272293, 30.36 cm
272397, 30.36 cm
272501, 30.36 cm
272605, 30.36 cm
272709, 29.60 cm
272813, 29.60 cm
272917, 30.36 cm
273021, 30.36 cm
273125, 30.36 cm
273229, 30.36 cm
273333, 30.36 cm
273437, 30.36 cm
273541, 30.36 cm
273645, 30.36 cm
273749, 30.36 cm
273853, 30.36 cm
273957, 29.60 cm
274061, 29.60 cm
274165, 29.58 cm
274269, 30.36 cm
274373, 30.36 cm
274477, 29.60 cm
274581, 29.58 cm
274685, 29.58 cm
274789, 29.60 cm
274893, 29.58 cm
274997, 29.58 cm
275101, 30.36 cm
275205, 29.60 cm
275309, 30.36 cm
275413, 29.58 cm
275517, 29.60 cm
275621, 29.58 cm
275725, 29.58 cm
275829, 29.58 cm
275933, 29.60 cm
276037, 29.58 cm
276141, 29.58 cm
276245, 29.58 cm
276349, 29.58 cm
276453, 29.58 cm
276557, 29.58 cm
276661, 29.60 cm
276765, 29.60 cm
276869, 29.58 cm
276973, 29.58 cm
277077, 29.58 cm
277181, 29.60 cm
277285, 29.60 cm
277389, 29.58 cm
277493, 29.58 cm
277597, 29.60 cm
277701, 29.58 cm
277805, 29.58 cm
277909, 29.58 cm
278013, 29.58 cm
278117, 29.60 cm
278221, 29.58 cm
278325, 29.60 cm
278429, 29.58 cm
278533, 29.58 cm
278637, 29.58 cm
278741, 29.58 cm
278845, 29.58 cm
278949, 29.58 cm
279053, 29.58 cm
279157, 29.58 cm
279261, 29.58 cm
279365, 29.58 cm
279469, 29.58 cm
279573, 29.58 cm
279677, 29.60 cm
279781, 29.58 cm
279885, 29.60 cm
279989, 29.58 cm
280093, 29.58 cm
280197, 29.58 cm
280301, 29.58 cm
280405, 29.58 cm
280509, 29.58 cm
280613, 29.60 cm
280717, 29.58 cm
280821, 29.58 cm
280925, 29.58 cm
281029, 29.58 cm
281133, 29.58 cm
281237, 29.60 cm
281341, 29.60 cm
281445, 29.58 cm
281549, 29.58 cm
281653, 29.58 cm
281757, 29.58 cm
281861, 29.60 cm
281965, 29.58 cm
282069, 29.60 cm
282173, 29.58 cm
282277, 29.58 cm
282381, 29.60 cm
282485, 29.58 cm
282589, 29.60 cm
282693, 29.58 cm
282797, 29.58 cm
282901, 29.58 cm
283005, 29.58 cm
283109, 29.58 cm
283213, 29.60 cm
283317, 29.58 cm
283421, 29.58 cm
283525, 29.58 cm
283629, 29.58 cm
283733, 29.60 cm
283837, 29.58 cm
283941, 29.58 cm
284045, 29.58 cm
284149, 29.58 cm
284253, 29.60 cm
284357, 29.58 cm
284461, 29.60 cm
284565, 29.60 cm
284669, 29.58 cm
284773, 30.36 cm
284877, 29.58 cm
284981, 29.58 cm
285085, 29.60 cm
285189, 29.58 cm
285293, 29.58 cm
285397, 29.58 cm
285501, 29.60 cm
285605, 29.58 cm
285709, 29.60 cm
285813, 29.58 cm
285917, 29.60 cm
286021, 29.58 cm
286125, 29.58 cm
286229, 29.58 cm
286333, 29.58 cm
286437, 29.58 cm
286541, 29.58 cm
286645, 29.58 cm
286749, 29.58 cm
286853, 29.60 cm
286957, 29.58 cm
287061, 29.60 cm
287165, 29.58 cm
287269, 29.58 cm
287373, 29.60 cm
287477, 29.60 cm
287581, 29.58 cm
287685, 29.58 cm
287789, 29.58 cm
287893, 29.60 cm
287997, 29.58 cm
288101, 29.60 cm
288205, 29.58 cm
288309, 29.60 cm
288413, 29.58 cm
288517, 29.58 cm
288621, 29.58 cm
288725, 29.58 cm
288829, 29.60 cm
288933, 29.60 cm
289037, 29.58 cm
289141, 29.58 cm
289245, 29.58 cm
289349, 30.36 cm
289453, 30.36 cm
289557, 30.36 cm
289661, 30.36 cm
289765, 30.36 cm
289869, 29.58 cm
289973, 29.58 cm
290077, 29.60 cm
290181, 29.60 cm
290285, 29.58 cm
290389, 29.60 cm
290493, 29.58 cm
290597, 29.60 cm
290701, 29.58 cm
290805, 29.58 cm
290909, 29.60 cm
291013, 29.58 cm
291117, 29.60 cm
291221, 29.58 cm
291325, 29.58 cm
291429, 29.58 cm
291533, 29.58 cm
291637, 29.58 cm
291741, 29.58 cm
291845, 29.60 cm
291949, 29.60 cm
292053, 29.58 cm
292157, 29.60 cm
292261, 29.58 cm
292365, 29.60 cm
292469, 29.58 cm
292573, 29.58 cm
292677, 29.58 cm
292781, 29.58 cm
292885, 29.58 cm
292989, 29.58 cm
293093, 29.58 cm
293197, 29.58 cm
293301, 29.58 cm
293405, 29.60 cm
293509, 29.60 cm
293613, 29.58 cm
293717, 29.58 cm
293821, 29.58 cm
293925, 29.58 cm
294029, 29.58 cm
294133, 29.58 cm
294237, 29.58 cm
294341, 29.58 cm
294445, 29.58 cm
294549, 29.60 cm
294653, 29.58 cm
294757, 29.60 cm
294861, 29.60 cm
294965, 29.58 cm
295069, 29.58 cm
295173, 29.58 cm
295277, 29.60 cm
295381, 29.58 cm
295485, 29.58 cm
295589, 29.58 cm
295693, 29.60 cm
295797, 29.60 cm
295901, 29.58 cm
296005, 29.60 cm
296109, 29.58 cm
296213, 29.60 cm
296317, 29.58 cm
296421, 29.58 cm
296525, 29.58 cm
296629, 29.58 cm
296733, 29.60 cm
296837, 29.58 cm
296941, 29.60 cm
297045, 29.58 cm
297149, 29.58 cm
297253, 29.58 cm
297357, 29.58 cm
297461, 29.58 cm
297565, 29.58 cm
297669, 29.58 cm
297773, 29.58 cm
297877, 29.60 cm
297981, 29.58 cm
298085, 29.60 cm
298189, 29.60 cm
298293, 29.58 cm
298397, 29.58 cm
298501, 29.60 cm
298605, 30.36 cm
298709, 30.36 cm
298813, 30.36 cm
298917, 30.36 cm
299021, 30.36 cm
299125, 30.36 cm
299229, 30.36 cm
299333, 30.36 cm
299437, 30.36 cm
299541, 30.34 cm
299645, 30.36 cm
299749, 30.36 cm
299853, 30.34 cm
299957, 30.36 cm
300061, 30.36 cm
300165, 30.36 cm
300269, 30.36 cm
300373, 30.36 cm
300477, 30.34 cm
300581, 30.36 cm
300685, 30.36 cm
300789, 30.34 cm
300893, 30.36 cm
300997, 30.36 cm
301101, 30.36 cm
301205, 30.36 cm
301309, 30.36 cm
301413, 29.58 cm
301517, 29.58 cm
301621, 30.36 cm
301725, 29.58 cm
301829, 30.36 cm
301933, 29.58 cm
302037, 30.36 cm
302141, 30.36 cm
302245, 30.36 cm
302349, 30.36 cm
302453, 30.36 cm
302557, 30.36 cm
302661, 30.36 cm
302765, 29.60 cm
302869, 29.58 cm
302973, 30.36 cm
303077, 30.34 cm
303181, 29.58 cm
303285, 29.58 cm
303389, 29.58 cm
303493, 30.36 cm
303597, 30.36 cm
303701, 30.34 cm
303805, 30.36 cm
303909, 30.34 cm
304013, 30.36 cm
304117, 30.36 cm
304221, 30.36 cm
304325, 30.34 cm
304429, 30.36 cm
304533, 30.36 cm
304637, 30.36 cm
304741, 30.36 cm
304845, 30.36 cm
304949, 30.36 cm
305053, 30.36 cm
305157, 30.36 cm
305261, 30.36 cm
305365, 30.36 cm
305469, 30.34 cm
305573, 30.36 cm
305677, 30.36 cm
305781, 30.36 cm
305885, 30.36 cm
305989, 30.36 cm
306093, 30.36 cm
306197, 30.36 cm
306301, 30.36 cm
306405, 30.36 cm
306509, 30.34 cm
306613, 30.34 cm
306717, 30.36 cm
306821, 30.36 cm
306925, 30.36 cm
307029, 30.34 cm
307133, 30.36 cm
307237, 30.36 cm
307341, 30.36 cm
307445, 30.36 cm
307549, 30.36 cm
307653, 30.36 cm
307757, 30.36 cm
307861, 30.36 cm
307965, 30.36 cm
308069, 30.36 cm
308173, 30.36 cm
308277, 30.36 cm
308381, 30.36 cm
308485, 30.36 cm
308589, 30.36 cm
308693, 30.36 cm
308797, 30.36 cm
311188, 32.45 cm
311292, 32.44 cm
311396, 32.44 cm
311500, 32.44 cm
311604, 32.44 cm
311708, 32.44 cm
311812, 31.14 cm
311916, 32.45 cm
312020, 32.45 cm
312124, 32.44 cm
312228, 32.44 cm
312332, 32.44 cm
312436, 32.44 cm
312540, 32.44 cm
312644, 32.44 cm
312748, 32.44 cm
312852, 32.44 cm
312956, 32.44 cm
313060, 32.44 cm
313164, 32.44 cm
313268, 32.44 cm
313372, 32.44 cm
313476, 32.45 cm
313580, 32.44 cm
313684, 32.44 cm
313788, 32.44 cm
313892, 32.45 cm
313996, 32.44 cm
314100, 32.44 cm
314204, 32.44 cm
314308, 32.45 cm
314412, 31.14 cm
314516, 31.14 cm
314620, 31.14 cm
314724, 31.14 cm
314828, 31.16 cm
314932, 31.14 cm
315036, 31.14 cm
315140, 31.13 cm
315244, 31.14 cm
315348, 31.14 cm
315452, 31.14 cm
315556, 31.14 cm
315660, 31.14 cm
315764, 31.14 cm
315868, 31.14 cm
315972, 31.14 cm
316076, 31.14 cm
316180, 31.14 cm
316284, 31.16 cm
316388, 31.14 cm
316492, 31.14 cm
316596, 31.14 cm
316700, 31.14 cm
316804, 31.14 cm
316908, 31.14 cm
317012, 31.14 cm
317116, 31.14 cm
317220, 31.14 cm
317324, 31.14 cm
317428, 31.16 cm
317532, 31.14 cm
317636, 31.14 cm
317740, 31.14 cm
317844, 31.14 cm
317948, 31.14 cm
318052, 31.14 cm
318156, 31.14 cm
318260, 31.16 cm
318364, 31.14 cm
318468, 31.16 cm
318572, 31.14 cm
318676, 31.14 cm
318780, 31.14 cm
318884, 31.14 cm
318988, 31.14 cm
319092, 31.14 cm
319196, 31.14 cm
319300, 31.14 cm
319404, 31.14 cm
319508, 31.14 cm
319612, 31.14 cm
319716, 31.14 cm
319820, 31.14 cm
319924, 31.14 cm
320028, 31.14 cm
320132, 31.14 cm
320236, 31.14 cm
320340, 31.16 cm
320444, 31.14 cm
320548, 31.14 cm
320652, 31.14 cm
320756, 31.14 cm
320860, 31.14 cm
320964, 31.14 cm
321068, 31.14 cm
321172, 31.14 cm
321276, 31.14 cm
321380, 31.14 cm
321484, 31.14 cm
321588, 31.14 cm
321692, 31.16 cm
321796, 31.14 cm
321900, 31.14 cm
322004, 31.14 cm
322108, 31.14 cm
322212, 31.14 cm
322316, 31.14 cm
322420, 31.13 cm
322524, 31.14 cm
322628, 31.14 cm
322732, 31.14 cm
322836, 31.14 cm
322940, 32.44 cm
323044, 32.45 cm
323148, 32.44 cm
323252, 32.45 cm
323356, 32.45 cm
323460, 32.44 cm
323564, 32.44 cm
323668, 32.44 cm
323772, 32.45 cm
323876, 32.45 cm
323980, 32.44 cm
324084, 32.45 cm
324188, 32.45 cm
324292, 32.45 cm
324396, 31.14 cm
324500, 31.14 cm
324604, 31.14 cm
324708, 31.14 cm
324812, 31.14 cm
324916, 31.14 cm
325020, 31.14 cm
325124, 31.14 cm
325228, 31.14 cm
325332, 31.14 cm
325436, 31.14 cm
325540, 31.14 cm
325644, 31.14 cm
325748, 31.14 cm
325852, 31.14 cm
325956, 31.14 cm
326060, 31.14 cm
326164, 31.14 cm
326268, 31.14 cm
326372, 31.14 cm
326476, 31.14 cm
326580, 31.14 cm
326684, 31.14 cm
326788, 31.14 cm
326892, 30.63 cm
326996, 30.62 cm
327100, 30.62 cm
327204, 30.62 cm
327308, 30.63 cm
327412, 30.63 cm
327516, 30.63 cm
327620, 30.62 cm
327724, 31.40 cm
327828, 31.40 cm
327932, 31.40 cm
328036, 31.40 cm
328140, 31.40 cm
328244, 31.40 cm
328348, 31.40 cm
328452, 31.40 cm
328556, 30.87 cm
328660, 30.89 cm
328764, 30.87 cm
328868, 31.67 cm
328972, 31.67 cm
329076, 31.65 cm
329180, 31.14 cm
329284, 31.14 cm
329388, 31.65 cm
329492, 31.67 cm
329596, 31.65 cm
329700, 31.65 cm
329804, 31.67 cm
329908, 31.67 cm
330012, 31.67 cm
330116, 31.67 cm
330220, 31.65 cm
330324, 31.67 cm
330428, 31.67 cm
330532, 30.89 cm
330636, 30.89 cm
330740, 31.67 cm
330844, 31.67 cm
330948, 31.65 cm
331052, 31.67 cm
331156, 31.67 cm
331260, 31.67 cm
331364, 31.67 cm
331468, 31.67 cm
331572, 31.67 cm
331676, 31.67 cm
331780, 36.29 cm
331884, 32.20 cm
331988, 30.89 cm
332092, 32.18 cm
332196, 32.20 cm
332300, 32.18 cm
332404, 32.20 cm
332508, 32.18 cm
332612, 32.18 cm
332716, 32.18 cm
332820, 32.18 cm
332924, 32.20 cm
333028, 32.18 cm
333132, 32.18 cm
333236, 32.20 cm
333340, 32.20 cm
333444, 32.18 cm
333548, 36.06 cm
333652, 36.52 cm
333756, 31.40 cm
333860, 31.40 cm
333964, 31.40 cm
334068, 31.40 cm
334172, 31.40 cm
334276, 31.40 cm
334380, 31.40 cm
334484, 31.40 cm
334588, 31.40 cm
334692, 31.40 cm
334796, 31.40 cm
334900, 31.40 cm
335004, 31.40 cm
335108, 31.40 cm
335212, 31.40 cm
335316, 31.40 cm
335420, 31.40 cm
335524, 31.40 cm
335628, 31.40 cm
335732, 31.40 cm
335836, 32.18 cm
335940, 32.18 cm
336044, 32.20 cm
336148, 32.20 cm
336252, 32.18 cm
336356, 32.20 cm
336460, 32.20 cm
336564, 32.18 cm
336668, 32.20 cm
336772, 32.20 cm
336876, 32.20 cm
336980, 32.20 cm
337084, 32.18 cm
337188, 32.20 cm
337292, 32.20 cm
337396, 32.98 cm
337500, 32.18 cm
337604, 32.18 cm
337708, 32.18 cm
337812, 32.20 cm
337916, 32.18 cm
338020, 32.18 cm
338124, 32.20 cm
338228, 32.18 cm
338332, 32.18 cm
338436, 33.47 cm
338540, 33.49 cm
338644, 31.40 cm
338748, 33.49 cm
338852, 31.42 cm
338956, 31.42 cm
339060, 31.40 cm
339164, 32.18 cm
339268, 32.18 cm
339372, 32.18 cm
339476, 32.18 cm
339580, 31.40 cm
339684, 32.18 cm
339788, 32.18 cm
339892, 32.18 cm
339996, 32.18 cm
340100, 32.18 cm
340204, 32.20 cm
340308, 32.18 cm
340412, 32.18 cm
340516, 32.18 cm
340620, 32.20 cm
340724, 32.20 cm
340828, 32.18 cm
340932, 32.20 cm
341036, 32.20 cm
341140, 32.18 cm
341244, 32.18 cm
341348, 32.18 cm
341452, 32.20 cm
341556, 31.40 cm
341660, 31.40 cm
341764, 31.40 cm
341868, 31.40 cm
341972, 31.40 cm
342076, 31.42 cm
342180, 31.40 cm
342284, 31.40 cm
342388, 31.40 cm
342492, 31.40 cm
342596, 31.42 cm
342700, 31.40 cm
342804, 31.40 cm
342908, 32.18 cm
343012, 32.20 cm
343116, 32.20 cm
343220, 32.20 cm
343324, 32.20 cm
343428, 32.18 cm
343532, 32.18 cm
343636, 32.71 cm
343740, 32.20 cm
343844, 32.20 cm
343948, 32.18 cm
344052, 32.18 cm
344156, 32.18 cm
344260, 32.20 cm
344364, 32.96 cm
344468, 32.96 cm
344572, 32.20 cm
344676, 32.18 cm
344780, 32.20 cm
344884, 32.18 cm
344988, 32.20 cm
345092, 32.20 cm
345196, 32.18 cm
345300, 32.18 cm
345404, 32.20 cm
345508, 32.18 cm
345612, 32.20 cm
345716, 32.20 cm
345820, 32.20 cm
345924, 32.18 cm
346028, 32.20 cm
346132, 32.20 cm
346236, 32.18 cm
346340, 32.18 cm
346444, 32.20 cm
346548, 32.20 cm
346652, 32.18 cm
346756, 30.89 cm
346860, 31.67 cm
346964, 31.67 cm
347068, 31.67 cm
347172, 31.67 cm
347276, 31.67 cm
347380, 31.67 cm
347484, 31.67 cm
347588, 30.87 cm
347692, 30.87 cm
347796, 30.89 cm
347900, 30.89 cm
348004, 30.89 cm
348108, 30.89 cm
348212, 30.87 cm
348316, 30.87 cm
348420, 30.87 cm
348524, 30.87 cm
348628, 30.89 cm
348732, 30.89 cm
348836, 30.89 cm
348940, 30.89 cm
349044, 30.87 cm
349148, 30.89 cm
349252, 30.89 cm
349356, 30.89 cm
349460, 30.89 cm
349564, 30.89 cm
349668, 30.89 cm
349772, 30.89 cm
349876, 30.89 cm
349980, 30.89 cm
350084, 30.89 cm
350188, 30.89 cm
350292, 30.87 cm
350396, 30.89 cm
350500, 30.89 cm
350604, 30.89 cm
350708, 30.89 cm
350812, 30.89 cm
350916, 30.89 cm
351020, 30.89 cm
351124, 30.89 cm
351228, 30.89 cm
351332, 30.89 cm
351436, 30.89 cm
351540, 30.87 cm
351644, 30.87 cm
351748, 30.87 cm
351852, 30.89 cm
351956, 30.89 cm
352060, 30.87 cm
352164, 30.87 cm
352268, 30.89 cm
352372, 30.89 cm
352476, 30.87 cm
352580, 31.67 cm
352684, 30.89 cm
352788, 30.89 cm
352892, 30.87 cm
352996, 30.87 cm
353100, 30.87 cm
353204, 30.87 cm
353308, 30.89 cm
353412, 30.89 cm
353516, 30.87 cm
353620, 30.87 cm
353724, 30.87 cm
353828, 31.40 cm
353932, 31.40 cm
354036, 31.40 cm
354140, 31.40 cm
354244, 31.40 cm
354348, 31.40 cm
354452, 31.40 cm
354556, 31.40 cm
354660, 31.40 cm
354764, 31.40 cm
354868, 31.40 cm
354972, 31.40 cm
355076, 31.40 cm
355180, 31.40 cm
355284, 31.40 cm
355388, 31.40 cm
355492, 31.40 cm
355596, 31.40 cm
355700, 30.63 cm
355804, 30.62 cm
355908, 30.62 cm
356012, 31.40 cm
356116, 31.40 cm
356220, 31.40 cm
356324, 30.89 cm
356428, 31.40 cm
356532, 31.40 cm
356636, 31.40 cm
356740, 31.40 cm
356844, 31.40 cm
356948, 31.40 cm
357052, 31.40 cm
357156, 31.40 cm
357260, 31.40 cm
357364, 31.40 cm
357468, 31.40 cm
357572, 31.40 cm
357676, 31.40 cm
357780, 31.40 cm
357884, 31.40 cm
357988, 31.42 cm
358092, 31.40 cm
358196, 31.40 cm
358300, 31.40 cm
358404, 31.40 cm
358508, 31.42 cm
358612, 31.40 cm
358716, 31.40 cm
358820, 31.40 cm
358924, 31.40 cm
359028, 31.40 cm
359132, 31.40 cm
359236, 31.40 cm
359340, 31.40 cm
359444, 31.40 cm
359548, 31.42 cm
359652, 31.42 cm
359756, 30.63 cm
359860, 31.93 cm
359964, 31.93 cm
360068, 31.93 cm
360172, 31.40 cm
360276, 31.40 cm
360380, 31.40 cm
360484, 31.40 cm
360588, 31.40 cm
360692, 31.40 cm
360796, 31.40 cm
360900, 31.40 cm
361004, 31.40 cm
361108, 31.40 cm
361212, 31.40 cm
361316, 31.40 cm
361420, 31.40 cm
361524, 31.40 cm
361628, 31.42 cm
361732, 31.91 cm
361836, 31.93 cm
361940, 31.93 cm
362044, 31.42 cm
362148, 31.40 cm
362252, 31.40 cm
362356, 31.40 cm
362460, 31.40 cm
362564, 31.40 cm
362668, 31.40 cm
362772, 31.40 cm
362876, 31.40 cm
362980, 31.40 cm
363084, 31.40 cm
363188, 31.40 cm
363292, 31.40 cm
363396, 31.40 cm
363500, 31.40 cm
363604, 31.40 cm
363708, 31.40 cm
363812, 31.42 cm
363916, 31.40 cm
364020, 31.40 cm
364124, 31.40 cm
364228, 31.38 cm
364332, 31.40 cm
364436, 31.40 cm
364540, 31.40 cm
364644, 31.40 cm
364748, 31.38 cm
364852, 31.40 cm
364956, 31.38 cm
365060, 31.38 cm
365164, 31.40 cm
365268, 31.40 cm
365372, 31.40 cm
365476, 31.40 cm
365580, 31.40 cm
365684, 31.40 cm
365788, 31.40 cm
365892, 31.40 cm
365996, 31.40 cm
366100, 31.38 cm
366204, 31.40 cm
366308, 31.40 cm
366412, 31.38 cm
366516, 31.40 cm
366620, 31.40 cm
366724, 31.40 cm
366828, 31.40 cm
366932, 31.40 cm
367036, 31.40 cm
367140, 31.40 cm
367244, 31.93 cm
367348, 31.93 cm
367452, 31.91 cm
367556, 31.91 cm
367660, 31.91 cm
367764, 31.93 cm
367868, 31.93 cm
367972, 31.93 cm
368076, 31.93 cm
368180, 31.93 cm
368284, 31.14 cm
368388, 31.14 cm
368492, 31.14 cm
368596, 31.14 cm
368700, 31.14 cm
368804, 31.13 cm
368908, 31.14 cm
369012, 31.14 cm
369116, 31.13 cm
369220, 31.14 cm
369324, 31.14 cm
369428, 31.14 cm
369532, 31.14 cm
369636, 31.14 cm
369740, 31.14 cm
369844, 31.14 cm
369948, 31.14 cm
370052, 31.14 cm
370156, 31.13 cm
370260, 31.14 cm
370364, 31.14 cm
370468, 31.14 cm
370572, 31.14 cm
370676, 31.14 cm
370780, 31.14 cm
370884, 31.14 cm
370988, 31.14 cm
371092, 31.13 cm
371196, 31.14 cm
371300, 31.14 cm
371404, 31.14 cm
371508, 31.14 cm
371612, 31.14 cm
371716, 31.13 cm
371820, 31.13 cm
371924, 31.14 cm
372028, 31.13 cm
372132, 31.14 cm
372236, 31.14 cm
372340, 31.13 cm
372444, 31.13 cm
372548, 31.14 cm
372652, 31.14 cm
372756, 32.44 cm
372860, 31.93 cm
372964, 31.91 cm
373068, 31.91 cm
373172, 31.91 cm
373276, 32.44 cm
373380, 31.93 cm
373484, 31.93 cm
373588, 32.44 cm
373692, 32.44 cm
373796, 32.44 cm
373900, 32.44 cm
374004, 32.44 cm
374108, 32.44 cm
374212, 32.44 cm
374316, 32.44 cm
374420, 32.45 cm
374524, 33.74 cm
374628, 36.28 cm
374732, 32.95 cm
374836, 36.29 cm
374940, 32.96 cm
375044, 32.96 cm
375148, 32.96 cm
375252, 32.96 cm
375356, 32.95 cm
375460, 32.96 cm
375564, 34.26 cm
375668, 34.27 cm
375772, 34.27 cm
375876, 34.26 cm
375980, 34.26 cm
376084, 34.26 cm
376188, 34.26 cm
376292, 33.47 cm
376396, 33.47 cm
376500, 32.18 cm
376604, 33.49 cm
376708, 32.18 cm
376812, 32.18 cm
376916, 32.18 cm
377020, 32.18 cm
377124, 32.18 cm
377228, 32.18 cm
377332, 32.18 cm
377436, 32.16 cm
377540, 32.18 cm
377644, 32.18 cm
377748, 33.47 cm
377852, 33.47 cm
377956, 33.47 cm
378060, 33.47 cm
378164, 33.47 cm
378268, 33.47 cm
378372, 33.47 cm
378476, 31.40 cm
378580, 33.47 cm
378684, 31.40 cm
378788, 31.40 cm
378892, 31.40 cm
378996, 31.40 cm
379100, 31.40 cm
379204, 31.42 cm
379308, 31.40 cm
379412, 31.40 cm
379516, 31.40 cm
379620, 31.40 cm
379724, 31.38 cm
379828, 31.40 cm
379932, 31.40 cm
380036, 31.40 cm
380140, 31.40 cm
380244, 31.40 cm
380348, 31.40 cm
380452, 31.40 cm
380556, 30.11 cm
380660, 31.40 cm
380764, 30.11 cm
380868, 31.40 cm
380972, 30.11 cm
381076, 31.40 cm
381180, 31.40 cm
381284, 31.40 cm
381388, 30.11 cm
381492, 31.40 cm
381596, 30.62 cm
381700, 30.62 cm
381804, 30.62 cm
381908, 31.40 cm
382012, 30.62 cm
382116, 30.62 cm
382220, 30.62 cm
382324, 30.62 cm
382428, 30.62 cm
382532, 30.62 cm
382636, 30.62 cm
382740, 30.62 cm
382844, 30.09 cm
382948, 30.11 cm
383052, 30.09 cm
383156, 30.09 cm
383260, 30.09 cm
383364, 30.11 cm
383468, 30.09 cm
383572, 30.62 cm
383676, 30.62 cm
383780, 30.11 cm
383884, 30.11 cm
383988, 30.62 cm
384092, 30.62 cm
384196, 30.62 cm
384300, 30.62 cm
384404, 30.62 cm
384508, 30.62 cm
384612, 30.62 cm
384716, 30.63 cm
384820, 30.63 cm
384924, 30.63 cm
385028, 30.62 cm
385132, 30.11 cm
385236, 30.62 cm
385340, 30.11 cm
385444, 30.62 cm
385548, 29.33 cm
385652, 29.31 cm
385756, 29.31 cm
385860, 29.31 cm
385964, 29.31 cm
386068, 29.33 cm
386172, 29.31 cm
386276, 30.62 cm
386380, 29.31 cm
386484, 30.62 cm
386588, 30.62 cm
386692, 30.62 cm
386796, 30.62 cm
386900, 30.62 cm
387004, 30.62 cm
387108, 30.62 cm
387212, 30.62 cm
387316, 30.62 cm
387420, 30.62 cm
387524, 29.83 cm
387628, 29.83 cm
387732, 29.83 cm
387836, 29.83 cm
387940, 29.83 cm
388044, 29.83 cm
388148, 29.83 cm
388252, 29.83 cm
388356, 29.83 cm
388460, 31.14 cm
388564, 31.14 cm
388668, 31.14 cm
388772, 31.14 cm
388876, 31.14 cm
388980, 31.14 cm
389084, 31.14 cm
389188, 31.14 cm
389292, 30.34 cm
389396, 31.14 cm
389500, 31.14 cm
389604, 31.14 cm
389708, 31.13 cm
389812, 31.14 cm
389916, 31.14 cm
390020, 31.14 cm
390124, 31.14 cm
390228, 29.83 cm
390332, 29.83 cm
390436, 29.83 cm
390540, 29.83 cm
390644, 29.83 cm
390748, 29.83 cm
390852, 29.83 cm
390956, 29.83 cm
391060, 29.83 cm
391164, 29.83 cm
391268, 29.83 cm
391372, 29.83 cm
391476, 29.83 cm
391580, 29.83 cm
391684, 29.83 cm
391788, 29.83 cm
391892, 29.83 cm
391996, 29.85 cm
392101, 29.83 cm
392205, 29.83 cm
392309, 29.83 cm
392413, 29.83 cm
392517, 29.83 cm
392621, 29.85 cm
392725, 29.83 cm
392829, 29.85 cm
392933, 29.83 cm
393037, 29.83 cm
393141, 29.83 cm
393245, 29.83 cm
393349, 29.83 cm
393453, 29.83 cm
393557, 29.83 cm
393661, 29.85 cm
393765, 31.14 cm
393869, 31.14 cm
393973, 29.83 cm
394077, 29.83 cm
394181, 31.14 cm
394285, 31.14 cm
394389, 31.14 cm
394493, 31.14 cm
394597, 31.14 cm
394701, 31.16 cm
394805, 31.16 cm
394909, 31.14 cm
395013, 31.14 cm
395117, 31.14 cm
395221, 31.14 cm
395325, 31.14 cm
395429, 31.14 cm
395533, 31.14 cm
395637, 31.14 cm
395741, 31.14 cm
395845, 31.14 cm
395949, 31.14 cm
396053, 31.14 cm
396157, 31.14 cm
396261, 31.14 cm
396365, 31.14 cm
396469, 31.14 cm
396573, 31.14 cm
396677, 31.14 cm
396781, 31.14 cm
396885, 31.14 cm
396989, 31.14 cm
397093, 31.14 cm
397197, 31.14 cm
397301, 31.14 cm
397405, 31.14 cm
397509, 31.14 cm
397613, 31.14 cm
397717, 31.14 cm
397821, 29.83 cm
397925, 29.82 cm
398029, 29.85 cm
398133, 29.83 cm
398237, 31.14 cm
398341, 30.34 cm
398445, 30.36 cm
398549, 30.36 cm
398653, 30.36 cm
398757, 31.14 cm
398861, 30.36 cm
398965, 30.36 cm
399069, 31.14 cm
399173, 31.14 cm
399277, 30.36 cm
399381, 30.36 cm
399485, 29.83 cm
399589, 29.83 cm
399693, 29.83 cm
399797, 29.83 cm
399901, 29.83 cm
400005, 29.83 cm
400109, 29.83 cm
400213, 29.83 cm
400317, 29.83 cm
400421, 29.83 cm
400525, 29.83 cm
400629, 29.83 cm
400733, 29.83 cm
400837, 29.83 cm
400941, 29.83 cm
401045, 29.83 cm
401149, 29.83 cm
401253, 29.83 cm
401357, 29.83 cm
401461, 29.83 cm
401565, 29.83 cm
401669, 29.85 cm
401773, 29.83 cm
401877, 29.83 cm
401981, 29.83 cm
402085, 29.83 cm
402189, 29.83 cm
402293, 29.83 cm
402397, 29.83 cm
402501, 29.83 cm
402605, 29.83 cm
402709, 29.83 cm
402813, 29.83 cm
402917, 29.83 cm
403021, 29.83 cm
403125, 29.85 cm
403229, 29.85 cm
403333, 29.83 cm
403437, 29.83 cm
403541, 29.83 cm
403645, 29.83 cm
403749, 29.85 cm
403853, 29.85 cm
403957, 29.85 cm
404061, 29.85 cm
404165, 29.85 cm
404269, 29.85 cm
404373, 29.83 cm
404477, 29.83 cm
404581, 29.83 cm
404685, 29.83 cm
404789, 29.85 cm
404893, 29.83 cm
404997, 30.36 cm
405101, 30.36 cm
405205, 30.36 cm
405309, 30.36 cm
405413, 30.36 cm
405517, 30.36 cm
405621, 30.36 cm
405725, 30.36 cm
405829, 30.36 cm
405933, 30.87 cm
406037, 30.89 cm
406141, 30.89 cm
406245, 30.89 cm
406349, 30.87 cm
406453, 30.89 cm
406557, 30.87 cm
406661, 30.87 cm
406765, 30.87 cm
406869, 30.87 cm
406973, 30.89 cm
407077, 30.89 cm
407181, 30.87 cm
407285, 30.87 cm
407389, 30.89 cm
407493, 30.87 cm
407597, 30.87 cm
407701, 30.89 cm
407805, 30.87 cm
407909, 30.87 cm
408013, 30.89 cm
408117, 30.89 cm
408221, 30.89 cm
408325, 30.89 cm
408429, 30.87 cm
408533, 30.87 cm
408637, 30.89 cm
408741, 30.89 cm
408845, 30.89 cm
408949, 30.87 cm
409053, 30.87 cm
409157, 30.87 cm
409261, 30.87 cm
409365, 30.89 cm
409469, 30.87 cm
409573, 30.89 cm
409677, 30.89 cm
409781, 30.89 cm
409885, 30.87 cm
409989, 30.87 cm
410093, 30.87 cm
410197, 30.89 cm
410301, 30.87 cm
410405, 30.89 cm
410509, 30.89 cm
410613, 30.89 cm
410717, 30.87 cm
410821, 30.87 cm
410925, 30.87 cm
411029, 30.87 cm
411133, 30.89 cm
411237, 30.87 cm
411341, 30.87 cm
411445, 30.89 cm
411549, 30.89 cm
411653, 30.89 cm
411757, 30.89 cm
411861, 30.87 cm
411965, 30.89 cm
412069, 30.89 cm
412173, 30.87 cm
412277, 30.89 cm
412381, 30.09 cm
412485, 30.11 cm
412589, 30.11 cm
412693, 30.11 cm
412797, 30.09 cm
412901, 30.11 cm
413005, 30.11 cm
413109, 30.11 cm
413213, 30.09 cm
413317, 30.11 cm
413421, 30.87 cm
413525, 30.89 cm
413629, 30.89 cm
413733, 30.87 cm
413837, 30.89 cm
413941, 30.89 cm
414045, 30.87 cm
414149, 30.87 cm
414253, 30.87 cm
414357, 30.87 cm
414461, 30.89 cm
414565, 30.89 cm
414669, 30.87 cm
414773, 30.89 cm
414877, 30.89 cm
414981, 30.89 cm
415085, 30.89 cm
415189, 30.87 cm
415293, 30.89 cm
415397, 30.87 cm
415501, 30.87 cm
415605, 30.87 cm
415709, 30.89 cm
415813, 30.89 cm
415917, 30.89 cm
416021, 30.87 cm
416125, 30.87 cm
416229, 30.89 cm
416333, 30.89 cm
416437, 30.89 cm
416541, 30.87 cm
416645, 30.87 cm
416749, 30.89 cm
416853, 30.87 cm
416957, 30.87 cm
417061, 30.89 cm
417165, 30.87 cm
417269, 30.89 cm
417373, 30.36 cm
417477, 30.89 cm
417581, 30.89 cm
417685, 30.89 cm
417789, 30.36 cm
417893, 30.36 cm
417997, 30.36 cm
418101, 30.36 cm
418205, 30.36 cm
418309, 30.36 cm
418413, 31.67 cm
418517, 30.36 cm
418621, 31.67 cm
418725, 31.67 cm
418829, 31.14 cm
418933, 31.14 cm
419037, 31.67 cm
419141, 31.67 cm
419245, 31.67 cm
419349, 31.67 cm
419453, 31.67 cm
419557, 32.45 cm
419661, 32.44 cm
419765, 32.44 cm
419869, 32.44 cm
419973, 32.44 cm
420077, 32.45 cm
420181, 32.45 cm
420285, 32.44 cm
420389, 32.45 cm
420493, 33.24 cm
420597, 33.24 cm
420701, 33.24 cm
420805, 33.24 cm
420909, 33.24 cm
421013, 33.24 cm
421117, 33.22 cm
421221, 33.24 cm
421325, 33.24 cm
421429, 33.22 cm
421533, 33.22 cm
421637, 33.24 cm
421741, 33.22 cm
421845, 33.24 cm
421949, 33.24 cm
422053, 33.24 cm
422157, 33.24 cm
422261, 33.24 cm
422365, 33.24 cm
422469, 33.24 cm
422573, 33.24 cm
422677, 33.24 cm
422781, 33.24 cm
422885, 33.22 cm
422989, 33.22 cm
423093, 33.22 cm
423197, 33.24 cm
423301, 31.93 cm
423405, 31.93 cm
423509, 31.93 cm
423613, 31.93 cm
423717, 31.93 cm
423821, 31.93 cm
423925, 31.93 cm
424029, 31.93 cm
424133, 31.93 cm
424237, 31.93 cm
424341, 31.93 cm
424445, 31.93 cm
424549, 31.93 cm
424653, 31.93 cm
424757, 31.93 cm
424861, 31.91 cm
424965, 31.93 cm
425069, 31.93 cm
425173, 31.93 cm
425277, 31.91 cm
425381, 31.93 cm
425485, 31.91 cm
425589, 31.93 cm
425693, 31.93 cm
425797, 31.93 cm
425901, 31.93 cm
426005, 31.93 cm
426109, 31.91 cm
426213, 31.93 cm
426317, 31.93 cm
426421, 31.93 cm
426525, 31.93 cm
426629, 31.93 cm
426733, 31.93 cm
426837, 30.63 cm
426941, 30.62 cm
427045, 30.62 cm
427149, 30.62 cm
427253, 30.62 cm
427357, 30.63 cm
427461, 31.93 cm
427565, 31.93 cm
427669, 31.93 cm
427773, 31.93 cm
427877, 30.62 cm
427981, 31.91 cm
428085, 30.62 cm
428189, 31.14 cm
428293, 31.93 cm
428397, 31.14 cm
428501, 31.14 cm
428605, 31.14 cm
428709, 31.16 cm
428813, 31.14 cm
428917, 31.14 cm
429021, 31.14 cm
429125, 31.14 cm
429229, 31.14 cm
429333, 31.14 cm
429437, 31.14 cm
429541, 31.14 cm
429645, 31.14 cm
429749, 31.14 cm
429853, 31.14 cm
429957, 31.14 cm
430061, 31.14 cm
430165, 31.14 cm
430269, 31.14 cm
430373, 31.14 cm
430477, 31.14 cm
430581, 31.14 cm
430685, 31.14 cm
430789, 31.14 cm
430893, 31.14 cm
430997, 31.14 cm
431101, 31.14 cm
431205, 31.14 cm
431309, 31.16 cm
431413, 32.44 cm
431517, 31.14 cm
431621, 31.93 cm
431725, 31.93 cm
431829, 31.93 cm
431933, 31.93 cm
432037, 32.44 cm
432141, 31.93 cm
432245, 31.91 cm
432349, 31.93 cm
432453, 31.93 cm
432557, 31.91 cm
432661, 31.93 cm
432765, 31.93 cm
432869, 31.93 cm
432973, 31.93 cm
433077, 31.91 cm
433181, 31.93 cm
433285, 31.91 cm
433389, 31.13 cm
433493, 31.13 cm
433597, 31.93 cm
433701, 31.14 cm
433805, 31.93 cm
433909, 31.93 cm
434013, 31.14 cm
434117, 31.14 cm
434221, 31.93 cm
434325, 31.14 cm
434429, 31.14 cm
434533, 31.16 cm
434637, 31.14 cm
434741, 31.14 cm
434845, 31.14 cm
434949, 31.14 cm
435053, 31.14 cm
435157, 31.14 cm
435261, 31.14 cm
435365, 31.14 cm
435469, 31.14 cm
435573, 31.14 cm
435677, 31.14 cm
435781, 31.14 cm
435885, 31.16 cm
435989, 31.14 cm
436093, 31.13 cm
436197, 31.14 cm
436301, 31.14 cm
436405, 31.14 cm
436509, 31.13 cm
436613, 31.14 cm
436717, 31.14 cm
436821, 31.14 cm
436925, 31.65 cm
437029, 31.67 cm
437133, 31.67 cm
437237, 31.65 cm
437341, 31.67 cm
437445, 31.67 cm
437549, 31.67 cm
437653, 31.65 cm
437757, 31.65 cm
437861, 31.67 cm
437965, 31.14 cm
438069, 31.14 cm
438173, 31.14 cm
438277, 31.14 cm
438381, 32.45 cm
438485, 32.44 cm
438589, 32.45 cm
438693, 31.14 cm
438797, 31.14 cm
438901, 32.45 cm
439005, 32.44 cm
439109, 32.45 cm
439213, 31.14 cm
439317, 31.16 cm
439421, 32.44 cm
439525, 32.44 cm
439629, 31.65 cm
439733, 31.14 cm
439837, 31.67 cm
439941, 31.67 cm
440045, 31.67 cm
440149, 31.67 cm
440253, 31.65 cm
440357, 31.65 cm
440461, 31.65 cm
440565, 31.67 cm
440669, 31.67 cm
440773, 31.67 cm
440877, 31.67 cm
440981, 31.67 cm
441085, 31.67 cm
441189, 31.67 cm
441293, 31.65 cm
441397, 32.45 cm
441501, 32.45 cm
441605, 32.44 cm
441709, 32.44 cm
441813, 32.44 cm
441917, 32.45 cm
442021, 32.44 cm
442125, 32.44 cm
442229, 32.45 cm
442333, 31.67 cm
442437, 31.67 cm
442541, 32.44 cm
442645, 32.44 cm
442749, 32.45 cm
442853, 32.44 cm
442957, 32.44 cm
443061, 32.44 cm
443165, 31.65 cm
443269, 32.45 cm
443373, 32.44 cm
443477, 32.44 cm
443581, 31.67 cm
443685, 31.67 cm
443789, 31.67 cm
443893, 31.67 cm
443997, 32.45 cm
444101, 31.65 cm
444205, 32.45 cm
444309, 32.45 cm
444413, 32.45 cm
444517, 32.45 cm
444621, 32.45 cm
444725, 32.44 cm
444829, 32.44 cm
444933, 32.44 cm
445037, 32.45 cm
445141, 32.45 cm
445245, 32.44 cm
445349, 32.45 cm
445453, 32.45 cm
445557, 32.44 cm
445661, 32.45 cm
445765, 32.44 cm
445869, 32.45 cm
445973, 32.45 cm
446077, 32.44 cm
